2025-01-07 21:35:35.401947,/Users/max/Documents/Code/zarr-developers/zarr-byte-range-microbenchmarks/zarr-byterangerequest-microbenchmarks/time_get_dataclass.py,dataclass,get_range,3.2475331249997907
2025-01-07 21:35:38.883001,/Users/max/Documents/Code/zarr-developers/zarr-byte-range-microbenchmarks/zarr-byterangerequest-microbenchmarks/time_get_tuple.py,tuple,get_range,3.2231387499996345
2025-01-07 21:35:42.421092,/Users/max/Documents/Code/zarr-developers/zarr-byte-range-microbenchmarks/zarr-byterangerequest-microbenchmarks/time_get_typeddict.py,typeddict,get_range,3.240418375000445
2025-01-07 21:35:45.913887,/Users/max/Documents/Code/zarr-developers/zarr-byte-range-microbenchmarks/zarr-byterangerequest-microbenchmarks/time_get_dataclass.py,dataclass,get_range,3.237597292000828
2025-01-07 21:35:49.403314,/Users/max/Documents/Code/zarr-developers/zarr-byte-range-microbenchmarks/zarr-byterangerequest-microbenchmarks/time_get_typeddict.py,typeddict,get_range,3.2361352080006327
2025-01-07 21:35:52.893408,/Users/max/Documents/Code/zarr-developers/zarr-byte-range-microbenchmarks/zarr-byterangerequest-microbenchmarks/time_get_tuple.py,tuple,get_range,3.2370785829998567
2025-01-07 21:35:56.396751,/Users/max/Documents/Code/zarr-developers/zarr-byte-range-microbenchmarks/zarr-byterangerequest-microbenchmarks/time_get_dataclass.py,dataclass,get_range,3.248388750000231
2025-01-07 21:35:59.891076,/Users/max/Documents/Code/zarr-developers/zarr-byte-range-microbenchmarks/zarr-byterangerequest-microbenchmarks/time_get_typeddict.py,typeddict,get_range,3.236707000000024
2025-01-07 21:36:03.395130,/Users/max/Documents/Code/zarr-developers/zarr-byte-range-microbenchmarks/zarr-byterangerequest-microbenchmarks/time_get_tuple.py,tuple,get_range,3.2502426669998385
2025-01-07 21:36:06.887784,/Users/max/Documents/Code/zarr-developers/zarr-byte-range-microbenchmarks/zarr-byterangerequest-microbenchmarks/time_get_tuple.py,tuple,get_range,3.235504541999944
2025-01-07 21:36:10.383932,/Users/max/Documents/Code/zarr-developers/zarr-byte-range-microbenchmarks/zarr-byterangerequest-microbenchmarks/time_get_dataclass.py,dataclass,get_range,3.243447415999981
2025-01-07 21:36:13.912347,/Users/max/Documents/Code/zarr-developers/zarr-byte-range-microbenchmarks/zarr-byterangerequest-microbenchmarks/time_get_typeddict.py,typeddict,get_range,3.273089374999472
2025-01-07 21:36:17.406948,/Users/max/Documents/Code/zarr-developers/zarr-byte-range-microbenchmarks/zarr-byterangerequest-microbenchmarks/time_get_tuple.py,tuple,get_range,3.2402149999998073
2025-01-07 21:36:20.989440,/Users/max/Documents/Code/zarr-developers/zarr-byte-range-microbenchmarks/zarr-byterangerequest-microbenchmarks/time_get_typeddict.py,typeddict,get_range,3.287021165999249
2025-01-07 21:36:24.556756,/Users/max/Documents/Code/zarr-developers/zarr-byte-range-microbenchmarks/zarr-byterangerequest-microbenchmarks/time_get_dataclass.py,dataclass,get_range,3.31164175000049
2025-01-07 21:36:28.047747,/Users/max/Documents/Code/zarr-developers/zarr-byte-range-microbenchmarks/zarr-byterangerequest-microbenchmarks/time_get_tuple.py,tuple,get_range,3.235816000000341
2025-01-07 21:36:31.538936,/Users/max/Documents/Code/zarr-developers/zarr-byte-range-microbenchmarks/zarr-byterangerequest-microbenchmarks/time_get_dataclass.py,dataclass,get_range,3.237023040999702
2025-01-07 21:36:35.042174,/Users/max/Documents/Code/zarr-developers/zarr-byte-range-microbenchmarks/zarr-byterangerequest-microbenchmarks/time_get_typeddict.py,typeddict,get_range,3.2489989999994577
2025-01-07 21:36:38.633685,/Users/max/Documents/Code/zarr-developers/zarr-byte-range-microbenchmarks/zarr-byterangerequest-microbenchmarks/time_get_typeddict.py,typeddict,get_range,3.3348241249996136
2025-01-07 21:36:42.108115,/Users/max/Documents/Code/zarr-developers/zarr-byte-range-microbenchmarks/zarr-byterangerequest-microbenchmarks/time_get_dataclass.py,dataclass,get_range,3.215700208999806
2025-01-07 21:36:45.594547,/Users/max/Documents/Code/zarr-developers/zarr-byte-range-microbenchmarks/zarr-byterangerequest-microbenchmarks/time_get_tuple.py,tuple,get_range,3.231497458999911
2025-01-07 21:36:49.082630,/Users/max/Documents/Code/zarr-developers/zarr-byte-range-microbenchmarks/zarr-byterangerequest-microbenchmarks/time_get_tuple.py,tuple,get_range,3.2319557079999868
2025-01-07 21:36:52.581494,/Users/max/Documents/Code/zarr-developers/zarr-byte-range-microbenchmarks/zarr-byterangerequest-microbenchmarks/time_get_typeddict.py,typeddict,get_range,3.2367647909995867
2025-01-07 21:36:56.090341,/Users/max/Documents/Code/zarr-developers/zarr-byte-range-microbenchmarks/zarr-byterangerequest-microbenchmarks/time_get_dataclass.py,dataclass,get_range,3.2532625829999233
2025-01-07 21:36:59.576682,/Users/max/Documents/Code/zarr-developers/zarr-byte-range-microbenchmarks/zarr-byterangerequest-microbenchmarks/time_get_tuple.py,tuple,get_range,3.2300764580004397
2025-01-07 21:37:03.068731,/Users/max/Documents/Code/zarr-developers/zarr-byte-range-microbenchmarks/zarr-byterangerequest-microbenchmarks/time_get_typeddict.py,typeddict,get_range,3.2317678750005143
2025-01-07 21:37:06.560273,/Users/max/Documents/Code/zarr-developers/zarr-byte-range-microbenchmarks/zarr-byterangerequest-microbenchmarks/time_get_dataclass.py,dataclass,get_range,3.2349184169997898
2025-01-07 21:37:10.032169,/Users/max/Documents/Code/zarr-developers/zarr-byte-range-microbenchmarks/zarr-byterangerequest-microbenchmarks/time_get_tuple.py,tuple,get_range,3.2165146670004106
2025-01-07 21:37:13.530792,/Users/max/Documents/Code/zarr-developers/zarr-byte-range-microbenchmarks/zarr-byterangerequest-microbenchmarks/time_get_dataclass.py,dataclass,get_range,3.24385304200041
2025-01-07 21:37:17.030344,/Users/max/Documents/Code/zarr-developers/zarr-byte-range-microbenchmarks/zarr-byterangerequest-microbenchmarks/time_get_typeddict.py,typeddict,get_range,3.2417326250006226
2025-01-07 21:37:20.516706,/Users/max/Documents/Code/zarr-developers/zarr-byte-range-microbenchmarks/zarr-byterangerequest-microbenchmarks/time_get_typeddict.py,typeddict,get_range,3.2313886250003634
2025-01-07 21:37:24.024552,/Users/max/Documents/Code/zarr-developers/zarr-byte-range-microbenchmarks/zarr-byterangerequest-microbenchmarks/time_get_tuple.py,tuple,get_range,3.2458236659995237
2025-01-07 21:37:27.516893,/Users/max/Documents/Code/zarr-developers/zarr-byte-range-microbenchmarks/zarr-byterangerequest-microbenchmarks/time_get_dataclass.py,dataclass,get_range,3.232552082999973
2025-01-07 21:37:31.006494,/Users/max/Documents/Code/zarr-developers/zarr-byte-range-microbenchmarks/zarr-byterangerequest-microbenchmarks/time_get_dataclass.py,dataclass,get_range,3.2338543329997265
2025-01-07 21:37:34.508332,/Users/max/Documents/Code/zarr-developers/zarr-byte-range-microbenchmarks/zarr-byterangerequest-microbenchmarks/time_get_tuple.py,tuple,get_range,3.2464331250002942
2025-01-07 21:37:38.006995,/Users/max/Documents/Code/zarr-developers/zarr-byte-range-microbenchmarks/zarr-byterangerequest-microbenchmarks/time_get_typeddict.py,typeddict,get_range,3.2398297079998883
2025-01-07 21:37:41.504888,/Users/max/Documents/Code/zarr-developers/zarr-byte-range-microbenchmarks/zarr-byterangerequest-microbenchmarks/time_get_tuple.py,tuple,get_range,3.234734708999895
2025-01-07 21:37:44.998957,/Users/max/Documents/Code/zarr-developers/zarr-byte-range-microbenchmarks/zarr-byterangerequest-microbenchmarks/time_get_dataclass.py,dataclass,get_range,3.2400128340004812
2025-01-07 21:37:48.513065,/Users/max/Documents/Code/zarr-developers/zarr-byte-range-microbenchmarks/zarr-byterangerequest-microbenchmarks/time_get_typeddict.py,typeddict,get_range,3.2560875839999426
2025-01-07 21:37:51.999388,/Users/max/Documents/Code/zarr-developers/zarr-byte-range-microbenchmarks/zarr-byterangerequest-microbenchmarks/time_get_dataclass.py,dataclass,get_range,3.2311324169995714
2025-01-07 21:37:55.486294,/Users/max/Documents/Code/zarr-developers/zarr-byte-range-microbenchmarks/zarr-byterangerequest-microbenchmarks/time_get_typeddict.py,typeddict,get_range,3.2324094579998928
2025-01-07 21:37:58.956875,/Users/max/Documents/Code/zarr-developers/zarr-byte-range-microbenchmarks/zarr-byterangerequest-microbenchmarks/time_get_tuple.py,tuple,get_range,3.2148349160006546
2025-01-07 21:38:02.443201,/Users/max/Documents/Code/zarr-developers/zarr-byte-range-microbenchmarks/zarr-byterangerequest-microbenchmarks/time_get_dataclass.py,dataclass,get_range,3.2241717919996518
2025-01-07 21:38:05.939558,/Users/max/Documents/Code/zarr-developers/zarr-byte-range-microbenchmarks/zarr-byterangerequest-microbenchmarks/time_get_tuple.py,tuple,get_range,3.2425699160003205
2025-01-07 21:38:09.426097,/Users/max/Documents/Code/zarr-developers/zarr-byte-range-microbenchmarks/zarr-byterangerequest-microbenchmarks/time_get_typeddict.py,typeddict,get_range,3.232126666000113
2025-01-07 21:38:12.930294,/Users/max/Documents/Code/zarr-developers/zarr-byte-range-microbenchmarks/zarr-byterangerequest-microbenchmarks/time_get_typeddict.py,typeddict,get_range,3.2458670419991904
2025-01-07 21:38:16.429123,/Users/max/Documents/Code/zarr-developers/zarr-byte-range-microbenchmarks/zarr-byterangerequest-microbenchmarks/time_get_dataclass.py,dataclass,get_range,3.242377000000488
2025-01-07 21:38:19.943031,/Users/max/Documents/Code/zarr-developers/zarr-byte-range-microbenchmarks/zarr-byterangerequest-microbenchmarks/time_get_tuple.py,tuple,get_range,3.2584932079998907
2025-01-07 21:38:23.455461,/Users/max/Documents/Code/zarr-developers/zarr-byte-range-microbenchmarks/zarr-byterangerequest-microbenchmarks/time_get_tuple.py,tuple,get_range,3.2502587500002846
2025-01-07 21:38:27.014266,/Users/max/Documents/Code/zarr-developers/zarr-byte-range-microbenchmarks/zarr-byterangerequest-microbenchmarks/time_get_typeddict.py,typeddict,get_range,3.3011334159991748
2025-01-07 21:38:30.507253,/Users/max/Documents/Code/zarr-developers/zarr-byte-range-microbenchmarks/zarr-byterangerequest-microbenchmarks/time_get_dataclass.py,dataclass,get_range,3.236366375000216
2025-01-07 21:38:34.008012,/Users/max/Documents/Code/zarr-developers/zarr-byte-range-microbenchmarks/zarr-byterangerequest-microbenchmarks/time_get_typeddict.py,typeddict,get_range,3.2421034999997573
2025-01-07 21:38:37.510151,/Users/max/Documents/Code/zarr-developers/zarr-byte-range-microbenchmarks/zarr-byterangerequest-microbenchmarks/time_get_tuple.py,tuple,get_range,3.2486148749994754
2025-01-07 21:38:41.046579,/Users/max/Documents/Code/zarr-developers/zarr-byte-range-microbenchmarks/zarr-byterangerequest-microbenchmarks/time_get_dataclass.py,dataclass,get_range,3.2389610419995734
2025-01-07 21:38:44.553311,/Users/max/Documents/Code/zarr-developers/zarr-byte-range-microbenchmarks/zarr-byterangerequest-microbenchmarks/time_get_typeddict.py,typeddict,get_range,3.2516871669995453
2025-01-07 21:38:48.047293,/Users/max/Documents/Code/zarr-developers/zarr-byte-range-microbenchmarks/zarr-byterangerequest-microbenchmarks/time_get_tuple.py,tuple,get_range,3.2410192919996916
2025-01-07 21:38:51.534487,/Users/max/Documents/Code/zarr-developers/zarr-byte-range-microbenchmarks/zarr-byterangerequest-microbenchmarks/time_get_dataclass.py,dataclass,get_range,3.2303217090002363
2025-01-07 21:38:55.032003,/Users/max/Documents/Code/zarr-developers/zarr-byte-range-microbenchmarks/zarr-byterangerequest-microbenchmarks/time_get_tuple.py,tuple,get_range,3.2404664999994566
2025-01-07 21:38:58.524699,/Users/max/Documents/Code/zarr-developers/zarr-byte-range-microbenchmarks/zarr-byterangerequest-microbenchmarks/time_get_dataclass.py,dataclass,get_range,3.2377077910005028
2025-01-07 21:39:02.015616,/Users/max/Documents/Code/zarr-developers/zarr-byte-range-microbenchmarks/zarr-byterangerequest-microbenchmarks/time_get_typeddict.py,typeddict,get_range,3.232938459000252
2025-01-07 21:39:05.522118,/Users/max/Documents/Code/zarr-developers/zarr-byte-range-microbenchmarks/zarr-byterangerequest-microbenchmarks/time_get_tuple.py,tuple,get_range,3.2479154169996036
2025-01-07 21:39:09.017367,/Users/max/Documents/Code/zarr-developers/zarr-byte-range-microbenchmarks/zarr-byterangerequest-microbenchmarks/time_get_dataclass.py,dataclass,get_range,3.240946833000635
2025-01-07 21:39:12.516888,/Users/max/Documents/Code/zarr-developers/zarr-byte-range-microbenchmarks/zarr-byterangerequest-microbenchmarks/time_get_typeddict.py,typeddict,get_range,3.2383368339997105
2025-01-07 21:39:15.996520,/Users/max/Documents/Code/zarr-developers/zarr-byte-range-microbenchmarks/zarr-byterangerequest-microbenchmarks/time_get_tuple.py,tuple,get_range,3.225136250000105
2025-01-07 21:39:19.482587,/Users/max/Documents/Code/zarr-developers/zarr-byte-range-microbenchmarks/zarr-byterangerequest-microbenchmarks/time_get_dataclass.py,dataclass,get_range,3.2308171670001684
2025-01-07 21:39:22.984092,/Users/max/Documents/Code/zarr-developers/zarr-byte-range-microbenchmarks/zarr-byterangerequest-microbenchmarks/time_get_typeddict.py,typeddict,get_range,3.2397392499997295
2025-01-07 21:39:26.487149,/Users/max/Documents/Code/zarr-developers/zarr-byte-range-microbenchmarks/zarr-byterangerequest-microbenchmarks/time_get_typeddict.py,typeddict,get_range,3.2483596669999315
2025-01-07 21:39:30.035444,/Users/max/Documents/Code/zarr-developers/zarr-byte-range-microbenchmarks/zarr-byterangerequest-microbenchmarks/time_get_tuple.py,tuple,get_range,3.2928039170001284
2025-01-07 21:39:33.525640,/Users/max/Documents/Code/zarr-developers/zarr-byte-range-microbenchmarks/zarr-byterangerequest-microbenchmarks/time_get_dataclass.py,dataclass,get_range,3.2279932499995994
2025-01-07 21:39:37.018000,/Users/max/Documents/Code/zarr-developers/zarr-byte-range-microbenchmarks/zarr-byterangerequest-microbenchmarks/time_get_tuple.py,tuple,get_range,3.236278499999571
2025-01-07 21:39:40.506630,/Users/max/Documents/Code/zarr-developers/zarr-byte-range-microbenchmarks/zarr-byterangerequest-microbenchmarks/time_get_dataclass.py,dataclass,get_range,3.227214250000543
2025-01-07 21:39:44.004274,/Users/max/Documents/Code/zarr-developers/zarr-byte-range-microbenchmarks/zarr-byterangerequest-microbenchmarks/time_get_typeddict.py,typeddict,get_range,3.239889917000255
2025-01-07 21:39:47.496146,/Users/max/Documents/Code/zarr-developers/zarr-byte-range-microbenchmarks/zarr-byterangerequest-microbenchmarks/time_get_typeddict.py,typeddict,get_range,3.235830999999962
2025-01-07 21:39:50.969191,/Users/max/Documents/Code/zarr-developers/zarr-byte-range-microbenchmarks/zarr-byterangerequest-microbenchmarks/time_get_dataclass.py,dataclass,get_range,3.2181106670004738
2025-01-07 21:39:54.448559,/Users/max/Documents/Code/zarr-developers/zarr-byte-range-microbenchmarks/zarr-byterangerequest-microbenchmarks/time_get_tuple.py,tuple,get_range,3.225592583999969
2025-01-07 21:39:57.932991,/Users/max/Documents/Code/zarr-developers/zarr-byte-range-microbenchmarks/zarr-byterangerequest-microbenchmarks/time_get_tuple.py,tuple,get_range,3.229962833999707
2025-01-07 21:40:01.416292,/Users/max/Documents/Code/zarr-developers/zarr-byte-range-microbenchmarks/zarr-byterangerequest-microbenchmarks/time_get_typeddict.py,typeddict,get_range,3.227784041999257
2025-01-07 21:40:04.909806,/Users/max/Documents/Code/zarr-developers/zarr-byte-range-microbenchmarks/zarr-byterangerequest-microbenchmarks/time_get_dataclass.py,dataclass,get_range,3.237134082999546
2025-01-07 21:40:08.400677,/Users/max/Documents/Code/zarr-developers/zarr-byte-range-microbenchmarks/zarr-byterangerequest-microbenchmarks/time_get_tuple.py,tuple,get_range,3.2356895829998393
2025-01-07 21:40:11.893797,/Users/max/Documents/Code/zarr-developers/zarr-byte-range-microbenchmarks/zarr-byterangerequest-microbenchmarks/time_get_dataclass.py,dataclass,get_range,3.2323168750008335
2025-01-07 21:40:15.524388,/Users/max/Documents/Code/zarr-developers/zarr-byte-range-microbenchmarks/zarr-byterangerequest-microbenchmarks/time_get_typeddict.py,typeddict,get_range,3.37320712500059
2025-01-07 21:40:19.666278,/Users/max/Documents/Code/zarr-developers/zarr-byte-range-microbenchmarks/zarr-byterangerequest-microbenchmarks/time_get_typeddict.py,typeddict,get_range,3.864507665999554
2025-01-07 21:40:23.758350,/Users/max/Documents/Code/zarr-developers/zarr-byte-range-microbenchmarks/zarr-byterangerequest-microbenchmarks/time_get_dataclass.py,dataclass,get_range,3.7587763339997764
2025-01-07 21:40:27.799192,/Users/max/Documents/Code/zarr-developers/zarr-byte-range-microbenchmarks/zarr-byterangerequest-microbenchmarks/time_get_tuple.py,tuple,get_range,3.7814887909999015
2025-01-07 21:40:31.309166,/Users/max/Documents/Code/zarr-developers/zarr-byte-range-microbenchmarks/zarr-byterangerequest-microbenchmarks/time_get_tuple.py,tuple,get_range,3.2500393749996874
2025-01-07 21:40:34.808790,/Users/max/Documents/Code/zarr-developers/zarr-byte-range-microbenchmarks/zarr-byterangerequest-microbenchmarks/time_get_typeddict.py,typeddict,get_range,3.244356291999793
2025-01-07 21:40:38.460538,/Users/max/Documents/Code/zarr-developers/zarr-byte-range-microbenchmarks/zarr-byterangerequest-microbenchmarks/time_get_dataclass.py,dataclass,get_range,3.394445750000159
2025-01-07 21:40:42.038462,/Users/max/Documents/Code/zarr-developers/zarr-byte-range-microbenchmarks/zarr-byterangerequest-microbenchmarks/time_get_dataclass.py,dataclass,get_range,3.320957083000394
2025-01-07 21:40:45.557082,/Users/max/Documents/Code/zarr-developers/zarr-byte-range-microbenchmarks/zarr-byterangerequest-microbenchmarks/time_get_typeddict.py,typeddict,get_range,3.245375082999999
2025-01-07 21:40:49.046820,/Users/max/Documents/Code/zarr-developers/zarr-byte-range-microbenchmarks/zarr-byterangerequest-microbenchmarks/time_get_tuple.py,tuple,get_range,3.2293927919999987
2025-01-07 21:40:52.546075,/Users/max/Documents/Code/zarr-developers/zarr-byte-range-microbenchmarks/zarr-byterangerequest-microbenchmarks/time_get_typeddict.py,typeddict,get_range,3.243507916999988
2025-01-07 21:40:56.041624,/Users/max/Documents/Code/zarr-developers/zarr-byte-range-microbenchmarks/zarr-byterangerequest-microbenchmarks/time_get_tuple.py,tuple,get_range,3.239822415999697
2025-01-07 21:40:59.542530,/Users/max/Documents/Code/zarr-developers/zarr-byte-range-microbenchmarks/zarr-byterangerequest-microbenchmarks/time_get_dataclass.py,dataclass,get_range,3.249101915999745
2025-01-07 21:41:03.041298,/Users/max/Documents/Code/zarr-developers/zarr-byte-range-microbenchmarks/zarr-byterangerequest-microbenchmarks/time_get_typeddict.py,typeddict,get_range,3.243351292000625
2025-01-07 21:41:06.546949,/Users/max/Documents/Code/zarr-developers/zarr-byte-range-microbenchmarks/zarr-byterangerequest-microbenchmarks/time_get_tuple.py,tuple,get_range,3.2502637910001795
2025-01-07 21:41:10.042774,/Users/max/Documents/Code/zarr-developers/zarr-byte-range-microbenchmarks/zarr-byterangerequest-microbenchmarks/time_get_dataclass.py,dataclass,get_range,3.242006292000042
2025-01-07 21:41:13.546655,/Users/max/Documents/Code/zarr-developers/zarr-byte-range-microbenchmarks/zarr-byterangerequest-microbenchmarks/time_get_tuple.py,tuple,get_range,3.252527208999709
2025-01-07 21:41:17.055760,/Users/max/Documents/Code/zarr-developers/zarr-byte-range-microbenchmarks/zarr-byterangerequest-microbenchmarks/time_get_dataclass.py,dataclass,get_range,3.255318417000126
2025-01-07 21:41:20.582576,/Users/max/Documents/Code/zarr-developers/zarr-byte-range-microbenchmarks/zarr-byterangerequest-microbenchmarks/time_get_typeddict.py,typeddict,get_range,3.275701165999635
2025-01-07 21:41:24.149974,/Users/max/Documents/Code/zarr-developers/zarr-byte-range-microbenchmarks/zarr-byterangerequest-microbenchmarks/time_get_typeddict.py,typeddict,get_range,3.3045249589995365
2025-01-07 21:41:27.684874,/Users/max/Documents/Code/zarr-developers/zarr-byte-range-microbenchmarks/zarr-byterangerequest-microbenchmarks/time_get_dataclass.py,dataclass,get_range,3.2804740000001402
2025-01-07 21:41:31.182773,/Users/max/Documents/Code/zarr-developers/zarr-byte-range-microbenchmarks/zarr-byterangerequest-microbenchmarks/time_get_tuple.py,tuple,get_range,3.2455773749998116
2025-01-07 21:41:34.666736,/Users/max/Documents/Code/zarr-developers/zarr-byte-range-microbenchmarks/zarr-byterangerequest-microbenchmarks/time_get_tuple.py,tuple,get_range,3.2312857500000973
2025-01-07 21:41:38.259831,/Users/max/Documents/Code/zarr-developers/zarr-byte-range-microbenchmarks/zarr-byterangerequest-microbenchmarks/time_get_typeddict.py,typeddict,get_range,3.3385103750006238
2025-01-07 21:41:41.769213,/Users/max/Documents/Code/zarr-developers/zarr-byte-range-microbenchmarks/zarr-byterangerequest-microbenchmarks/time_get_dataclass.py,dataclass,get_range,3.257684417000746
2025-01-07 21:41:45.253503,/Users/max/Documents/Code/zarr-developers/zarr-byte-range-microbenchmarks/zarr-byterangerequest-microbenchmarks/time_get_tuple.py,tuple,get_range,3.2316627079999307
2025-01-07 21:41:48.761711,/Users/max/Documents/Code/zarr-developers/zarr-byte-range-microbenchmarks/zarr-byterangerequest-microbenchmarks/time_get_dataclass.py,dataclass,get_range,3.2525716250002006
2025-01-07 21:41:52.259898,/Users/max/Documents/Code/zarr-developers/zarr-byte-range-microbenchmarks/zarr-byterangerequest-microbenchmarks/time_get_typeddict.py,typeddict,get_range,3.247581624999839
2025-01-07 21:41:55.751021,/Users/max/Documents/Code/zarr-developers/zarr-byte-range-microbenchmarks/zarr-byterangerequest-microbenchmarks/time_get_tuple.py,tuple,get_range,3.2349927079994814
2025-01-07 21:41:59.258060,/Users/max/Documents/Code/zarr-developers/zarr-byte-range-microbenchmarks/zarr-byterangerequest-microbenchmarks/time_get_dataclass.py,dataclass,get_range,3.249504707999222
2025-01-07 21:42:02.750330,/Users/max/Documents/Code/zarr-developers/zarr-byte-range-microbenchmarks/zarr-byterangerequest-microbenchmarks/time_get_typeddict.py,typeddict,get_range,3.23869462499988
2025-01-07 21:42:06.256381,/Users/max/Documents/Code/zarr-developers/zarr-byte-range-microbenchmarks/zarr-byterangerequest-microbenchmarks/time_get_dataclass.py,dataclass,get_range,3.2433917080006722
2025-01-07 21:42:09.753269,/Users/max/Documents/Code/zarr-developers/zarr-byte-range-microbenchmarks/zarr-byterangerequest-microbenchmarks/time_get_tuple.py,tuple,get_range,3.244371291999414
2025-01-07 21:42:13.255022,/Users/max/Documents/Code/zarr-developers/zarr-byte-range-microbenchmarks/zarr-byterangerequest-microbenchmarks/time_get_typeddict.py,typeddict,get_range,3.24590362500021
2025-01-07 21:42:16.759407,/Users/max/Documents/Code/zarr-developers/zarr-byte-range-microbenchmarks/zarr-byterangerequest-microbenchmarks/time_get_typeddict.py,typeddict,get_range,3.244671458999619
2025-01-07 21:42:20.236820,/Users/max/Documents/Code/zarr-developers/zarr-byte-range-microbenchmarks/zarr-byterangerequest-microbenchmarks/time_get_tuple.py,tuple,get_range,3.2253648329997304
2025-01-07 21:42:23.749527,/Users/max/Documents/Code/zarr-developers/zarr-byte-range-microbenchmarks/zarr-byterangerequest-microbenchmarks/time_get_dataclass.py,dataclass,get_range,3.252859250000256
2025-01-07 21:42:27.253031,/Users/max/Documents/Code/zarr-developers/zarr-byte-range-microbenchmarks/zarr-byterangerequest-microbenchmarks/time_get_dataclass.py,dataclass,get_range,3.25019145799979
2025-01-07 21:42:30.789142,/Users/max/Documents/Code/zarr-developers/zarr-byte-range-microbenchmarks/zarr-byterangerequest-microbenchmarks/time_get_tuple.py,tuple,get_range,3.242854666999847
2025-01-07 21:42:34.282556,/Users/max/Documents/Code/zarr-developers/zarr-byte-range-microbenchmarks/zarr-byterangerequest-microbenchmarks/time_get_typeddict.py,typeddict,get_range,3.230540999999903
2025-01-07 21:42:37.775973,/Users/max/Documents/Code/zarr-developers/zarr-byte-range-microbenchmarks/zarr-byterangerequest-microbenchmarks/time_get_typeddict.py,typeddict,get_range,3.238205999999991
2025-01-07 21:42:41.293133,/Users/max/Documents/Code/zarr-developers/zarr-byte-range-microbenchmarks/zarr-byterangerequest-microbenchmarks/time_get_dataclass.py,dataclass,get_range,3.262155041999904
2025-01-07 21:42:44.780615,/Users/max/Documents/Code/zarr-developers/zarr-byte-range-microbenchmarks/zarr-byterangerequest-microbenchmarks/time_get_tuple.py,tuple,get_range,3.233927125000264
2025-01-07 21:42:48.282767,/Users/max/Documents/Code/zarr-developers/zarr-byte-range-microbenchmarks/zarr-byterangerequest-microbenchmarks/time_get_tuple.py,tuple,get_range,3.2487895409994962
2025-01-07 21:42:51.788126,/Users/max/Documents/Code/zarr-developers/zarr-byte-range-microbenchmarks/zarr-byterangerequest-microbenchmarks/time_get_typeddict.py,typeddict,get_range,3.2524878750000425
2025-01-07 21:42:55.281506,/Users/max/Documents/Code/zarr-developers/zarr-byte-range-microbenchmarks/zarr-byterangerequest-microbenchmarks/time_get_dataclass.py,dataclass,get_range,3.2416027499994016
2025-01-07 21:42:58.796044,/Users/max/Documents/Code/zarr-developers/zarr-byte-range-microbenchmarks/zarr-byterangerequest-microbenchmarks/time_get_typeddict.py,typeddict,get_range,3.260713165999732
2025-01-07 21:43:02.304409,/Users/max/Documents/Code/zarr-developers/zarr-byte-range-microbenchmarks/zarr-byterangerequest-microbenchmarks/time_get_dataclass.py,dataclass,get_range,3.2565760000006776
2025-01-07 21:43:05.775480,/Users/max/Documents/Code/zarr-developers/zarr-byte-range-microbenchmarks/zarr-byterangerequest-microbenchmarks/time_get_tuple.py,tuple,get_range,3.2158479170002465
2025-01-07 21:43:09.324653,/Users/max/Documents/Code/zarr-developers/zarr-byte-range-microbenchmarks/zarr-byterangerequest-microbenchmarks/time_get_typeddict.py,typeddict,get_range,3.2843357080000715
2025-01-07 21:43:12.829129,/Users/max/Documents/Code/zarr-developers/zarr-byte-range-microbenchmarks/zarr-byterangerequest-microbenchmarks/time_get_dataclass.py,dataclass,get_range,3.2468085839991545
2025-01-07 21:43:16.361507,/Users/max/Documents/Code/zarr-developers/zarr-byte-range-microbenchmarks/zarr-byterangerequest-microbenchmarks/time_get_tuple.py,tuple,get_range,3.2743865419997746
2025-01-07 21:43:19.870324,/Users/max/Documents/Code/zarr-developers/zarr-byte-range-microbenchmarks/zarr-byterangerequest-microbenchmarks/time_get_typeddict.py,typeddict,get_range,3.2543129590003446
2025-01-07 21:43:23.356836,/Users/max/Documents/Code/zarr-developers/zarr-byte-range-microbenchmarks/zarr-byterangerequest-microbenchmarks/time_get_tuple.py,tuple,get_range,3.2267621669998334
2025-01-07 21:43:26.864779,/Users/max/Documents/Code/zarr-developers/zarr-byte-range-microbenchmarks/zarr-byterangerequest-microbenchmarks/time_get_dataclass.py,dataclass,get_range,3.2482222079997882
2025-01-07 21:43:30.351468,/Users/max/Documents/Code/zarr-developers/zarr-byte-range-microbenchmarks/zarr-byterangerequest-microbenchmarks/time_get_tuple.py,tuple,get_range,3.2350410409999313
2025-01-07 21:43:33.845176,/Users/max/Documents/Code/zarr-developers/zarr-byte-range-microbenchmarks/zarr-byterangerequest-microbenchmarks/time_get_typeddict.py,typeddict,get_range,3.240685666999525
2025-01-07 21:43:37.350218,/Users/max/Documents/Code/zarr-developers/zarr-byte-range-microbenchmarks/zarr-byterangerequest-microbenchmarks/time_get_dataclass.py,dataclass,get_range,3.2426087499998175
2025-01-07 21:43:40.876441,/Users/max/Documents/Code/zarr-developers/zarr-byte-range-microbenchmarks/zarr-byterangerequest-microbenchmarks/time_get_typeddict.py,typeddict,get_range,3.2603836250000313
2025-01-07 21:43:44.387693,/Users/max/Documents/Code/zarr-developers/zarr-byte-range-microbenchmarks/zarr-byterangerequest-microbenchmarks/time_get_tuple.py,tuple,get_range,3.243989167000109
2025-01-07 21:43:47.891262,/Users/max/Documents/Code/zarr-developers/zarr-byte-range-microbenchmarks/zarr-byterangerequest-microbenchmarks/time_get_dataclass.py,dataclass,get_range,3.242076499999712
2025-01-07 21:43:51.395189,/Users/max/Documents/Code/zarr-developers/zarr-byte-range-microbenchmarks/zarr-byterangerequest-microbenchmarks/time_get_typeddict.py,typeddict,get_range,3.2489050410003983
2025-01-07 21:43:54.886092,/Users/max/Documents/Code/zarr-developers/zarr-byte-range-microbenchmarks/zarr-byterangerequest-microbenchmarks/time_get_dataclass.py,dataclass,get_range,3.2355653750000783
2025-01-07 21:43:58.387842,/Users/max/Documents/Code/zarr-developers/zarr-byte-range-microbenchmarks/zarr-byterangerequest-microbenchmarks/time_get_tuple.py,tuple,get_range,3.2494671249996827
2025-01-07 21:44:01.898637,/Users/max/Documents/Code/zarr-developers/zarr-byte-range-microbenchmarks/zarr-byterangerequest-microbenchmarks/time_get_dataclass.py,dataclass,get_range,3.2568035829999644
2025-01-07 21:44:05.432385,/Users/max/Documents/Code/zarr-developers/zarr-byte-range-microbenchmarks/zarr-byterangerequest-microbenchmarks/time_get_typeddict.py,typeddict,get_range,3.238075000000208
2025-01-07 21:44:08.985265,/Users/max/Documents/Code/zarr-developers/zarr-byte-range-microbenchmarks/zarr-byterangerequest-microbenchmarks/time_get_tuple.py,tuple,get_range,3.2988177919996815
2025-01-07 21:44:12.924735,/Users/max/Documents/Code/zarr-developers/zarr-byte-range-microbenchmarks/zarr-byterangerequest-microbenchmarks/time_get_tuple.py,tuple,get_range,3.6752837920003003
2025-01-07 21:44:16.431048,/Users/max/Documents/Code/zarr-developers/zarr-byte-range-microbenchmarks/zarr-byterangerequest-microbenchmarks/time_get_typeddict.py,typeddict,get_range,3.251256624999769
2025-01-07 21:44:19.996883,/Users/max/Documents/Code/zarr-developers/zarr-byte-range-microbenchmarks/zarr-byterangerequest-microbenchmarks/time_get_dataclass.py,dataclass,get_range,3.3046255839999503
2025-01-07 21:44:23.756242,/Users/max/Documents/Code/zarr-developers/zarr-byte-range-microbenchmarks/zarr-byterangerequest-microbenchmarks/time_get_tuple.py,tuple,get_suffix,3.254344666000179
2025-01-07 21:44:27.269627,/Users/max/Documents/Code/zarr-developers/zarr-byte-range-microbenchmarks/zarr-byterangerequest-microbenchmarks/time_get_dataclass.py,dataclass,get_suffix,3.2572645000000193
2025-01-07 21:44:30.770204,/Users/max/Documents/Code/zarr-developers/zarr-byte-range-microbenchmarks/zarr-byterangerequest-microbenchmarks/time_get_typeddict.py,typeddict,get_suffix,3.2452724999993734
2025-01-07 21:44:34.291756,/Users/max/Documents/Code/zarr-developers/zarr-byte-range-microbenchmarks/zarr-byterangerequest-microbenchmarks/time_get_tuple.py,tuple,get_suffix,3.265446291000444
2025-01-07 21:44:37.807192,/Users/max/Documents/Code/zarr-developers/zarr-byte-range-microbenchmarks/zarr-byterangerequest-microbenchmarks/time_get_dataclass.py,dataclass,get_suffix,3.258507374999681
2025-01-07 21:44:41.309369,/Users/max/Documents/Code/zarr-developers/zarr-byte-range-microbenchmarks/zarr-byterangerequest-microbenchmarks/time_get_typeddict.py,typeddict,get_suffix,3.248121708000326
2025-01-07 21:44:44.836807,/Users/max/Documents/Code/zarr-developers/zarr-byte-range-microbenchmarks/zarr-byterangerequest-microbenchmarks/time_get_dataclass.py,dataclass,get_suffix,3.2670309170007386
2025-01-07 21:44:48.355282,/Users/max/Documents/Code/zarr-developers/zarr-byte-range-microbenchmarks/zarr-byterangerequest-microbenchmarks/time_get_tuple.py,tuple,get_suffix,3.263994542000546
2025-01-07 21:44:51.863072,/Users/max/Documents/Code/zarr-developers/zarr-byte-range-microbenchmarks/zarr-byterangerequest-microbenchmarks/time_get_typeddict.py,typeddict,get_suffix,3.251000125000246
2025-01-07 21:44:55.369652,/Users/max/Documents/Code/zarr-developers/zarr-byte-range-microbenchmarks/zarr-byterangerequest-microbenchmarks/time_get_typeddict.py,typeddict,get_suffix,3.251493833000495
2025-01-07 21:44:58.920538,/Users/max/Documents/Code/zarr-developers/zarr-byte-range-microbenchmarks/zarr-byterangerequest-microbenchmarks/time_get_dataclass.py,dataclass,get_suffix,3.2954610410006353
2025-01-07 21:45:02.430477,/Users/max/Documents/Code/zarr-developers/zarr-byte-range-microbenchmarks/zarr-byterangerequest-microbenchmarks/time_get_tuple.py,tuple,get_suffix,3.2537850830003663
2025-01-07 21:45:05.948606,/Users/max/Documents/Code/zarr-developers/zarr-byte-range-microbenchmarks/zarr-byterangerequest-microbenchmarks/time_get_typeddict.py,typeddict,get_suffix,3.2635224999994534
2025-01-07 21:45:09.545808,/Users/max/Documents/Code/zarr-developers/zarr-byte-range-microbenchmarks/zarr-byterangerequest-microbenchmarks/time_get_dataclass.py,dataclass,get_suffix,3.3429968749996988
2025-01-07 21:45:13.075917,/Users/max/Documents/Code/zarr-developers/zarr-byte-range-microbenchmarks/zarr-byterangerequest-microbenchmarks/time_get_tuple.py,tuple,get_suffix,3.268927208000605
2025-01-07 21:45:16.585303,/Users/max/Documents/Code/zarr-developers/zarr-byte-range-microbenchmarks/zarr-byterangerequest-microbenchmarks/time_get_typeddict.py,typeddict,get_suffix,3.2533424170005674
2025-01-07 21:45:20.102288,/Users/max/Documents/Code/zarr-developers/zarr-byte-range-microbenchmarks/zarr-byterangerequest-microbenchmarks/time_get_tuple.py,tuple,get_suffix,3.2598393329999453
2025-01-07 21:45:23.632210,/Users/max/Documents/Code/zarr-developers/zarr-byte-range-microbenchmarks/zarr-byterangerequest-microbenchmarks/time_get_dataclass.py,dataclass,get_suffix,3.2754899589999695
2025-01-07 21:45:27.795965,/Users/max/Documents/Code/zarr-developers/zarr-byte-range-microbenchmarks/zarr-byterangerequest-microbenchmarks/time_get_typeddict.py,typeddict,get_suffix,3.835177208999994
2025-01-07 21:45:31.555201,/Users/max/Documents/Code/zarr-developers/zarr-byte-range-microbenchmarks/zarr-byterangerequest-microbenchmarks/time_get_dataclass.py,dataclass,get_suffix,3.494153209000615
2025-01-07 21:45:35.628258,/Users/max/Documents/Code/zarr-developers/zarr-byte-range-microbenchmarks/zarr-byterangerequest-microbenchmarks/time_get_tuple.py,tuple,get_suffix,3.800785917000212
2025-01-07 21:45:39.149455,/Users/max/Documents/Code/zarr-developers/zarr-byte-range-microbenchmarks/zarr-byterangerequest-microbenchmarks/time_get_tuple.py,tuple,get_suffix,3.265374582999357
2025-01-07 21:45:42.747274,/Users/max/Documents/Code/zarr-developers/zarr-byte-range-microbenchmarks/zarr-byterangerequest-microbenchmarks/time_get_typeddict.py,typeddict,get_suffix,3.3403746659996614
2025-01-07 21:45:46.265673,/Users/max/Documents/Code/zarr-developers/zarr-byte-range-microbenchmarks/zarr-byterangerequest-microbenchmarks/time_get_dataclass.py,dataclass,get_suffix,3.265240624999933
2025-01-07 21:45:49.787091,/Users/max/Documents/Code/zarr-developers/zarr-byte-range-microbenchmarks/zarr-byterangerequest-microbenchmarks/time_get_dataclass.py,dataclass,get_suffix,3.258065957999861
2025-01-07 21:45:53.286262,/Users/max/Documents/Code/zarr-developers/zarr-byte-range-microbenchmarks/zarr-byterangerequest-microbenchmarks/time_get_typeddict.py,typeddict,get_suffix,3.2444869580003797
2025-01-07 21:45:56.792693,/Users/max/Documents/Code/zarr-developers/zarr-byte-range-microbenchmarks/zarr-byterangerequest-microbenchmarks/time_get_tuple.py,tuple,get_suffix,3.2482868750003036
2025-01-07 21:46:00.303078,/Users/max/Documents/Code/zarr-developers/zarr-byte-range-microbenchmarks/zarr-byterangerequest-microbenchmarks/time_get_dataclass.py,dataclass,get_suffix,3.258341875000042
2025-01-07 21:46:03.848598,/Users/max/Documents/Code/zarr-developers/zarr-byte-range-microbenchmarks/zarr-byterangerequest-microbenchmarks/time_get_tuple.py,tuple,get_suffix,3.288697790999322
2025-01-07 21:46:07.377216,/Users/max/Documents/Code/zarr-developers/zarr-byte-range-microbenchmarks/zarr-byterangerequest-microbenchmarks/time_get_typeddict.py,typeddict,get_suffix,3.272433417000684
2025-01-07 21:46:10.886963,/Users/max/Documents/Code/zarr-developers/zarr-byte-range-microbenchmarks/zarr-byterangerequest-microbenchmarks/time_get_tuple.py,tuple,get_suffix,3.2569894589996693
2025-01-07 21:46:14.400794,/Users/max/Documents/Code/zarr-developers/zarr-byte-range-microbenchmarks/zarr-byterangerequest-microbenchmarks/time_get_dataclass.py,dataclass,get_suffix,3.258968583000751
2025-01-07 21:46:17.934390,/Users/max/Documents/Code/zarr-developers/zarr-byte-range-microbenchmarks/zarr-byterangerequest-microbenchmarks/time_get_typeddict.py,typeddict,get_suffix,3.280390959000215
2025-01-07 21:46:21.440136,/Users/max/Documents/Code/zarr-developers/zarr-byte-range-microbenchmarks/zarr-byterangerequest-microbenchmarks/time_get_tuple.py,tuple,get_suffix,3.2530819160001556
2025-01-07 21:46:25.038650,/Users/max/Documents/Code/zarr-developers/zarr-byte-range-microbenchmarks/zarr-byterangerequest-microbenchmarks/time_get_typeddict.py,typeddict,get_suffix,3.334505208000337
2025-01-07 21:46:28.556289,/Users/max/Documents/Code/zarr-developers/zarr-byte-range-microbenchmarks/zarr-byterangerequest-microbenchmarks/time_get_dataclass.py,dataclass,get_suffix,3.2611248340008387
2025-01-07 21:46:32.131744,/Users/max/Documents/Code/zarr-developers/zarr-byte-range-microbenchmarks/zarr-byterangerequest-microbenchmarks/time_get_dataclass.py,dataclass,get_suffix,3.3225992919997225
2025-01-07 21:46:35.644290,/Users/max/Documents/Code/zarr-developers/zarr-byte-range-microbenchmarks/zarr-byterangerequest-microbenchmarks/time_get_tuple.py,tuple,get_suffix,3.25696708400028
2025-01-07 21:46:39.237590,/Users/max/Documents/Code/zarr-developers/zarr-byte-range-microbenchmarks/zarr-byterangerequest-microbenchmarks/time_get_typeddict.py,typeddict,get_suffix,3.3409325410002566
2025-01-07 21:46:42.757885,/Users/max/Documents/Code/zarr-developers/zarr-byte-range-microbenchmarks/zarr-byterangerequest-microbenchmarks/time_get_typeddict.py,typeddict,get_suffix,3.268547665999904
2025-01-07 21:46:46.248713,/Users/max/Documents/Code/zarr-developers/zarr-byte-range-microbenchmarks/zarr-byterangerequest-microbenchmarks/time_get_dataclass.py,dataclass,get_suffix,3.2373889999998937
2025-01-07 21:46:49.755650,/Users/max/Documents/Code/zarr-developers/zarr-byte-range-microbenchmarks/zarr-byterangerequest-microbenchmarks/time_get_tuple.py,tuple,get_suffix,3.2517866250000225
2025-01-07 21:46:53.274236,/Users/max/Documents/Code/zarr-developers/zarr-byte-range-microbenchmarks/zarr-byterangerequest-microbenchmarks/time_get_dataclass.py,dataclass,get_suffix,3.2643127500004994
2025-01-07 21:46:56.784210,/Users/max/Documents/Code/zarr-developers/zarr-byte-range-microbenchmarks/zarr-byterangerequest-microbenchmarks/time_get_typeddict.py,typeddict,get_suffix,3.255644959000165
2025-01-07 21:47:00.291021,/Users/max/Documents/Code/zarr-developers/zarr-byte-range-microbenchmarks/zarr-byterangerequest-microbenchmarks/time_get_tuple.py,tuple,get_suffix,3.2501538749993415
2025-01-07 21:47:03.805537,/Users/max/Documents/Code/zarr-developers/zarr-byte-range-microbenchmarks/zarr-byterangerequest-microbenchmarks/time_get_typeddict.py,typeddict,get_suffix,3.260820374999639
2025-01-07 21:47:07.382017,/Users/max/Documents/Code/zarr-developers/zarr-byte-range-microbenchmarks/zarr-byterangerequest-microbenchmarks/time_get_tuple.py,tuple,get_suffix,3.320773917000224
2025-01-07 21:47:10.892707,/Users/max/Documents/Code/zarr-developers/zarr-byte-range-microbenchmarks/zarr-byterangerequest-microbenchmarks/time_get_dataclass.py,dataclass,get_suffix,3.257227916999909
2025-01-07 21:47:14.430203,/Users/max/Documents/Code/zarr-developers/zarr-byte-range-microbenchmarks/zarr-byterangerequest-microbenchmarks/time_get_typeddict.py,typeddict,get_suffix,3.2818476669999654
2025-01-07 21:47:17.940778,/Users/max/Documents/Code/zarr-developers/zarr-byte-range-microbenchmarks/zarr-byterangerequest-microbenchmarks/time_get_dataclass.py,dataclass,get_suffix,3.254878458999883
2025-01-07 21:47:21.460167,/Users/max/Documents/Code/zarr-developers/zarr-byte-range-microbenchmarks/zarr-byterangerequest-microbenchmarks/time_get_tuple.py,tuple,get_suffix,3.2684512080004424
2025-01-07 21:47:24.981004,/Users/max/Documents/Code/zarr-developers/zarr-byte-range-microbenchmarks/zarr-byterangerequest-microbenchmarks/time_get_dataclass.py,dataclass,get_suffix,3.2656240409996826
2025-01-07 21:47:28.491759,/Users/max/Documents/Code/zarr-developers/zarr-byte-range-microbenchmarks/zarr-byterangerequest-microbenchmarks/time_get_tuple.py,tuple,get_suffix,3.2526954159993693
2025-01-07 21:47:31.992320,/Users/max/Documents/Code/zarr-developers/zarr-byte-range-microbenchmarks/zarr-byterangerequest-microbenchmarks/time_get_typeddict.py,typeddict,get_suffix,3.24610337500053
2025-01-07 21:47:35.542834,/Users/max/Documents/Code/zarr-developers/zarr-byte-range-microbenchmarks/zarr-byterangerequest-microbenchmarks/time_get_dataclass.py,dataclass,get_suffix,3.28633174999959
2025-01-07 21:47:39.058540,/Users/max/Documents/Code/zarr-developers/zarr-byte-range-microbenchmarks/zarr-byterangerequest-microbenchmarks/time_get_tuple.py,tuple,get_suffix,3.2549452920002295
2025-01-07 21:47:42.567225,/Users/max/Documents/Code/zarr-developers/zarr-byte-range-microbenchmarks/zarr-byterangerequest-microbenchmarks/time_get_typeddict.py,typeddict,get_suffix,3.2551593749994936
2025-01-07 21:47:46.062901,/Users/max/Documents/Code/zarr-developers/zarr-byte-range-microbenchmarks/zarr-byterangerequest-microbenchmarks/time_get_dataclass.py,dataclass,get_suffix,3.2431916670002465
2025-01-07 21:47:49.577839,/Users/max/Documents/Code/zarr-developers/zarr-byte-range-microbenchmarks/zarr-byterangerequest-microbenchmarks/time_get_typeddict.py,typeddict,get_suffix,3.254003625000223
2025-01-07 21:47:53.094959,/Users/max/Documents/Code/zarr-developers/zarr-byte-range-microbenchmarks/zarr-byterangerequest-microbenchmarks/time_get_tuple.py,tuple,get_suffix,3.2620012919996952
2025-01-07 21:47:56.594516,/Users/max/Documents/Code/zarr-developers/zarr-byte-range-microbenchmarks/zarr-byterangerequest-microbenchmarks/time_get_tuple.py,tuple,get_suffix,3.2460599169999114
2025-01-07 21:48:00.118453,/Users/max/Documents/Code/zarr-developers/zarr-byte-range-microbenchmarks/zarr-byterangerequest-microbenchmarks/time_get_dataclass.py,dataclass,get_suffix,3.2635198340003626
2025-01-07 21:48:03.663454,/Users/max/Documents/Code/zarr-developers/zarr-byte-range-microbenchmarks/zarr-byterangerequest-microbenchmarks/time_get_typeddict.py,typeddict,get_suffix,3.2901866659994994
2025-01-07 21:48:07.174606,/Users/max/Documents/Code/zarr-developers/zarr-byte-range-microbenchmarks/zarr-byterangerequest-microbenchmarks/time_get_typeddict.py,typeddict,get_suffix,3.2571049160005714
2025-01-07 21:48:10.679887,/Users/max/Documents/Code/zarr-developers/zarr-byte-range-microbenchmarks/zarr-byterangerequest-microbenchmarks/time_get_dataclass.py,dataclass,get_suffix,3.239480917000037
2025-01-07 21:48:14.199024,/Users/max/Documents/Code/zarr-developers/zarr-byte-range-microbenchmarks/zarr-byterangerequest-microbenchmarks/time_get_tuple.py,tuple,get_suffix,3.2652969159998975
2025-01-07 21:48:17.707010,/Users/max/Documents/Code/zarr-developers/zarr-byte-range-microbenchmarks/zarr-byterangerequest-microbenchmarks/time_get_tuple.py,tuple,get_suffix,3.253348499999447
2025-01-07 21:48:21.208821,/Users/max/Documents/Code/zarr-developers/zarr-byte-range-microbenchmarks/zarr-byterangerequest-microbenchmarks/time_get_typeddict.py,typeddict,get_suffix,3.244231665999905
2025-01-07 21:48:24.733720,/Users/max/Documents/Code/zarr-developers/zarr-byte-range-microbenchmarks/zarr-byterangerequest-microbenchmarks/time_get_dataclass.py,dataclass,get_suffix,3.2692699170002015
2025-01-07 21:48:28.257143,/Users/max/Documents/Code/zarr-developers/zarr-byte-range-microbenchmarks/zarr-byterangerequest-microbenchmarks/time_get_dataclass.py,dataclass,get_suffix,3.269640041999992
2025-01-07 21:48:31.797796,/Users/max/Documents/Code/zarr-developers/zarr-byte-range-microbenchmarks/zarr-byterangerequest-microbenchmarks/time_get_tuple.py,tuple,get_suffix,3.287889707999966
2025-01-07 21:48:35.311617,/Users/max/Documents/Code/zarr-developers/zarr-byte-range-microbenchmarks/zarr-byterangerequest-microbenchmarks/time_get_typeddict.py,typeddict,get_suffix,3.2528768330003004
2025-01-07 21:48:38.828875,/Users/max/Documents/Code/zarr-developers/zarr-byte-range-microbenchmarks/zarr-byterangerequest-microbenchmarks/time_get_tuple.py,tuple,get_suffix,3.2600634170003104
2025-01-07 21:48:42.353916,/Users/max/Documents/Code/zarr-developers/zarr-byte-range-microbenchmarks/zarr-byterangerequest-microbenchmarks/time_get_dataclass.py,dataclass,get_suffix,3.269381541000257
2025-01-07 21:48:45.879776,/Users/max/Documents/Code/zarr-developers/zarr-byte-range-microbenchmarks/zarr-byterangerequest-microbenchmarks/time_get_typeddict.py,typeddict,get_suffix,3.2710842499991486
2025-01-07 21:48:49.388786,/Users/max/Documents/Code/zarr-developers/zarr-byte-range-microbenchmarks/zarr-byterangerequest-microbenchmarks/time_get_tuple.py,tuple,get_suffix,3.2549159170002895
2025-01-07 21:48:52.919450,/Users/max/Documents/Code/zarr-developers/zarr-byte-range-microbenchmarks/zarr-byterangerequest-microbenchmarks/time_get_typeddict.py,typeddict,get_suffix,3.2769527919999746
2025-01-07 21:48:56.420353,/Users/max/Documents/Code/zarr-developers/zarr-byte-range-microbenchmarks/zarr-byterangerequest-microbenchmarks/time_get_dataclass.py,dataclass,get_suffix,3.248090167000555
2025-01-07 21:49:00.004132,/Users/max/Documents/Code/zarr-developers/zarr-byte-range-microbenchmarks/zarr-byterangerequest-microbenchmarks/time_get_tuple.py,tuple,get_suffix,3.327725250000185
2025-01-07 21:49:03.522919,/Users/max/Documents/Code/zarr-developers/zarr-byte-range-microbenchmarks/zarr-byterangerequest-microbenchmarks/time_get_typeddict.py,typeddict,get_suffix,3.259290917000726
2025-01-07 21:49:07.032433,/Users/max/Documents/Code/zarr-developers/zarr-byte-range-microbenchmarks/zarr-byterangerequest-microbenchmarks/time_get_dataclass.py,dataclass,get_suffix,3.254830625000068
2025-01-07 21:49:10.552469,/Users/max/Documents/Code/zarr-developers/zarr-byte-range-microbenchmarks/zarr-byterangerequest-microbenchmarks/time_get_tuple.py,tuple,get_suffix,3.253310166999654
2025-01-07 21:49:14.076070,/Users/max/Documents/Code/zarr-developers/zarr-byte-range-microbenchmarks/zarr-byterangerequest-microbenchmarks/time_get_dataclass.py,dataclass,get_suffix,3.269046166999942
2025-01-07 21:49:17.801675,/Users/max/Documents/Code/zarr-developers/zarr-byte-range-microbenchmarks/zarr-byterangerequest-microbenchmarks/time_get_typeddict.py,typeddict,get_suffix,3.470817249999527
2025-01-07 21:49:21.425474,/Users/max/Documents/Code/zarr-developers/zarr-byte-range-microbenchmarks/zarr-byterangerequest-microbenchmarks/time_get_dataclass.py,dataclass,get_suffix,3.3081984999998895
2025-01-07 21:49:25.024628,/Users/max/Documents/Code/zarr-developers/zarr-byte-range-microbenchmarks/zarr-byterangerequest-microbenchmarks/time_get_typeddict.py,typeddict,get_suffix,3.337553833000129
2025-01-07 21:49:28.551199,/Users/max/Documents/Code/zarr-developers/zarr-byte-range-microbenchmarks/zarr-byterangerequest-microbenchmarks/time_get_tuple.py,tuple,get_suffix,3.264165542000228
2025-01-07 21:49:32.057865,/Users/max/Documents/Code/zarr-developers/zarr-byte-range-microbenchmarks/zarr-byterangerequest-microbenchmarks/time_get_typeddict.py,typeddict,get_suffix,3.2493921670002237
2025-01-07 21:49:35.582462,/Users/max/Documents/Code/zarr-developers/zarr-byte-range-microbenchmarks/zarr-byterangerequest-microbenchmarks/time_get_dataclass.py,dataclass,get_suffix,3.2604205000006914
2025-01-07 21:49:39.103238,/Users/max/Documents/Code/zarr-developers/zarr-byte-range-microbenchmarks/zarr-byterangerequest-microbenchmarks/time_get_tuple.py,tuple,get_suffix,3.2648860420003984
2025-01-07 21:49:42.625877,/Users/max/Documents/Code/zarr-developers/zarr-byte-range-microbenchmarks/zarr-byterangerequest-microbenchmarks/time_get_dataclass.py,dataclass,get_suffix,3.265924499999528
2025-01-07 21:49:46.138122,/Users/max/Documents/Code/zarr-developers/zarr-byte-range-microbenchmarks/zarr-byterangerequest-microbenchmarks/time_get_tuple.py,tuple,get_suffix,3.250105166999674
2025-01-07 21:49:49.703101,/Users/max/Documents/Code/zarr-developers/zarr-byte-range-microbenchmarks/zarr-byterangerequest-microbenchmarks/time_get_typeddict.py,typeddict,get_suffix,3.3098116660003143
2025-01-07 21:49:53.216598,/Users/max/Documents/Code/zarr-developers/zarr-byte-range-microbenchmarks/zarr-byterangerequest-microbenchmarks/time_get_typeddict.py,typeddict,get_suffix,3.2559085829998367
2025-01-07 21:49:56.737600,/Users/max/Documents/Code/zarr-developers/zarr-byte-range-microbenchmarks/zarr-byterangerequest-microbenchmarks/time_get_dataclass.py,dataclass,get_suffix,3.25855062500068
2025-01-07 21:50:00.253423,/Users/max/Documents/Code/zarr-developers/zarr-byte-range-microbenchmarks/zarr-byterangerequest-microbenchmarks/time_get_tuple.py,tuple,get_suffix,3.258858084000167
2025-01-07 21:50:03.771494,/Users/max/Documents/Code/zarr-developers/zarr-byte-range-microbenchmarks/zarr-byterangerequest-microbenchmarks/time_get_typeddict.py,typeddict,get_suffix,3.2545510410000134
2025-01-07 21:50:07.276255,/Users/max/Documents/Code/zarr-developers/zarr-byte-range-microbenchmarks/zarr-byterangerequest-microbenchmarks/time_get_tuple.py,tuple,get_suffix,3.243020458000501
2025-01-07 21:50:10.793963,/Users/max/Documents/Code/zarr-developers/zarr-byte-range-microbenchmarks/zarr-byterangerequest-microbenchmarks/time_get_dataclass.py,dataclass,get_suffix,3.253392542000256
2025-01-07 21:50:14.308120,/Users/max/Documents/Code/zarr-developers/zarr-byte-range-microbenchmarks/zarr-byterangerequest-microbenchmarks/time_get_dataclass.py,dataclass,get_suffix,3.25589837500047
2025-01-07 21:50:17.864275,/Users/max/Documents/Code/zarr-developers/zarr-byte-range-microbenchmarks/zarr-byterangerequest-microbenchmarks/time_get_typeddict.py,typeddict,get_suffix,3.2595260409998446
2025-01-07 21:50:21.380744,/Users/max/Documents/Code/zarr-developers/zarr-byte-range-microbenchmarks/zarr-byterangerequest-microbenchmarks/time_get_tuple.py,tuple,get_suffix,3.2577156670004115
2025-01-07 21:50:24.890311,/Users/max/Documents/Code/zarr-developers/zarr-byte-range-microbenchmarks/zarr-byterangerequest-microbenchmarks/time_get_typeddict.py,typeddict,get_suffix,3.251784332999705
2025-01-07 21:50:28.409567,/Users/max/Documents/Code/zarr-developers/zarr-byte-range-microbenchmarks/zarr-byterangerequest-microbenchmarks/time_get_dataclass.py,dataclass,get_suffix,3.258172083000318
2025-01-07 21:50:31.923628,/Users/max/Documents/Code/zarr-developers/zarr-byte-range-microbenchmarks/zarr-byterangerequest-microbenchmarks/time_get_tuple.py,tuple,get_suffix,3.2582267500001763
2025-01-07 21:50:35.453301,/Users/max/Documents/Code/zarr-developers/zarr-byte-range-microbenchmarks/zarr-byterangerequest-microbenchmarks/time_get_typeddict.py,typeddict,get_suffix,3.271756916999948
2025-01-07 21:50:38.968705,/Users/max/Documents/Code/zarr-developers/zarr-byte-range-microbenchmarks/zarr-byterangerequest-microbenchmarks/time_get_tuple.py,tuple,get_suffix,3.257762124999317
2025-01-07 21:50:42.537092,/Users/max/Documents/Code/zarr-developers/zarr-byte-range-microbenchmarks/zarr-byterangerequest-microbenchmarks/time_get_dataclass.py,dataclass,get_suffix,3.3106347499997355
2025-01-07 21:50:46.057918,/Users/max/Documents/Code/zarr-developers/zarr-byte-range-microbenchmarks/zarr-byterangerequest-microbenchmarks/time_get_dataclass.py,dataclass,get_suffix,3.2571689169999445
2025-01-07 21:50:49.580883,/Users/max/Documents/Code/zarr-developers/zarr-byte-range-microbenchmarks/zarr-byterangerequest-microbenchmarks/time_get_tuple.py,tuple,get_suffix,3.26057929199942
2025-01-07 21:50:53.104365,/Users/max/Documents/Code/zarr-developers/zarr-byte-range-microbenchmarks/zarr-byterangerequest-microbenchmarks/time_get_typeddict.py,typeddict,get_suffix,3.2643622909999976
2025-01-07 21:50:56.615713,/Users/max/Documents/Code/zarr-developers/zarr-byte-range-microbenchmarks/zarr-byterangerequest-microbenchmarks/time_get_dataclass.py,dataclass,get_suffix,3.2543214170000283
2025-01-07 21:51:00.137131,/Users/max/Documents/Code/zarr-developers/zarr-byte-range-microbenchmarks/zarr-byterangerequest-microbenchmarks/time_get_tuple.py,tuple,get_suffix,3.2623380830000315
2025-01-07 21:51:03.717961,/Users/max/Documents/Code/zarr-developers/zarr-byte-range-microbenchmarks/zarr-byterangerequest-microbenchmarks/time_get_typeddict.py,typeddict,get_suffix,3.3209143750000294
2025-01-07 21:51:07.231613,/Users/max/Documents/Code/zarr-developers/zarr-byte-range-microbenchmarks/zarr-byterangerequest-microbenchmarks/time_get_tuple.py,tuple,get_suffix,3.2561678339998252
2025-01-07 21:51:10.810418,/Users/max/Documents/Code/zarr-developers/zarr-byte-range-microbenchmarks/zarr-byterangerequest-microbenchmarks/time_get_dataclass.py,dataclass,get_suffix,3.317337624999709
2025-01-07 21:51:14.340848,/Users/max/Documents/Code/zarr-developers/zarr-byte-range-microbenchmarks/zarr-byterangerequest-microbenchmarks/time_get_typeddict.py,typeddict,get_suffix,3.267606291999982
2025-01-07 21:51:17.896411,/Users/max/Documents/Code/zarr-developers/zarr-byte-range-microbenchmarks/zarr-byterangerequest-microbenchmarks/time_get_dataclass.py,dataclass,get_suffix,3.295949125000334
2025-01-07 21:51:21.408309,/Users/max/Documents/Code/zarr-developers/zarr-byte-range-microbenchmarks/zarr-byterangerequest-microbenchmarks/time_get_typeddict.py,typeddict,get_suffix,3.2462144159999298
2025-01-07 21:51:24.950856,/Users/max/Documents/Code/zarr-developers/zarr-byte-range-microbenchmarks/zarr-byterangerequest-microbenchmarks/time_get_tuple.py,tuple,get_suffix,3.2823184589997254
2025-01-07 21:51:28.547251,/Users/max/Documents/Code/zarr-developers/zarr-byte-range-microbenchmarks/zarr-byterangerequest-microbenchmarks/time_get_dataclass.py,dataclass,get_suffix,3.3374056669999845
2025-01-07 21:51:32.043462,/Users/max/Documents/Code/zarr-developers/zarr-byte-range-microbenchmarks/zarr-byterangerequest-microbenchmarks/time_get_typeddict.py,typeddict,get_suffix,3.2338352500000838
2025-01-07 21:51:35.577462,/Users/max/Documents/Code/zarr-developers/zarr-byte-range-microbenchmarks/zarr-byterangerequest-microbenchmarks/time_get_tuple.py,tuple,get_suffix,3.2709766670004683
2025-01-07 21:51:39.230101,/Users/max/Documents/Code/zarr-developers/zarr-byte-range-microbenchmarks/zarr-byterangerequest-microbenchmarks/time_get_tuple.py,tuple,get_suffix,3.394800832999863
2025-01-07 21:51:42.755143,/Users/max/Documents/Code/zarr-developers/zarr-byte-range-microbenchmarks/zarr-byterangerequest-microbenchmarks/time_get_dataclass.py,dataclass,get_suffix,3.261124665999887
2025-01-07 21:51:46.269142,/Users/max/Documents/Code/zarr-developers/zarr-byte-range-microbenchmarks/zarr-byterangerequest-microbenchmarks/time_get_typeddict.py,typeddict,get_suffix,3.2489957919997323
2025-01-07 21:51:49.790956,/Users/max/Documents/Code/zarr-developers/zarr-byte-range-microbenchmarks/zarr-byterangerequest-microbenchmarks/time_get_tuple.py,tuple,get_suffix,3.2644014579991563
2025-01-07 21:51:53.321010,/Users/max/Documents/Code/zarr-developers/zarr-byte-range-microbenchmarks/zarr-byterangerequest-microbenchmarks/time_get_dataclass.py,dataclass,get_suffix,3.2639863750000586
2025-01-07 21:51:56.845600,/Users/max/Documents/Code/zarr-developers/zarr-byte-range-microbenchmarks/zarr-byterangerequest-microbenchmarks/time_get_typeddict.py,typeddict,get_suffix,3.2671667089998664
2025-01-07 21:52:00.375018,/Users/max/Documents/Code/zarr-developers/zarr-byte-range-microbenchmarks/zarr-byterangerequest-microbenchmarks/time_get_dataclass.py,dataclass,get_suffix,3.269049582999287
2025-01-07 21:52:03.904480,/Users/max/Documents/Code/zarr-developers/zarr-byte-range-microbenchmarks/zarr-byterangerequest-microbenchmarks/time_get_typeddict.py,typeddict,get_suffix,3.2653657080008998
2025-01-07 21:52:07.417032,/Users/max/Documents/Code/zarr-developers/zarr-byte-range-microbenchmarks/zarr-byterangerequest-microbenchmarks/time_get_tuple.py,tuple,get_suffix,3.254895709000266
2025-01-07 21:52:10.979244,/Users/max/Documents/Code/zarr-developers/zarr-byte-range-microbenchmarks/zarr-byterangerequest-microbenchmarks/time_get_tuple.py,tuple,get_suffix,3.304635125000459
2025-01-07 21:52:14.506097,/Users/max/Documents/Code/zarr-developers/zarr-byte-range-microbenchmarks/zarr-byterangerequest-microbenchmarks/time_get_dataclass.py,dataclass,get_suffix,3.261976415999925
2025-01-07 21:52:18.023612,/Users/max/Documents/Code/zarr-developers/zarr-byte-range-microbenchmarks/zarr-byterangerequest-microbenchmarks/time_get_typeddict.py,typeddict,get_suffix,3.257374415999948
2025-01-07 21:52:21.532528,/Users/max/Documents/Code/zarr-developers/zarr-byte-range-microbenchmarks/zarr-byterangerequest-microbenchmarks/time_get_tuple.py,tuple,get_suffix,3.245214541999303
2025-01-07 21:52:25.065492,/Users/max/Documents/Code/zarr-developers/zarr-byte-range-microbenchmarks/zarr-byterangerequest-microbenchmarks/time_get_dataclass.py,dataclass,get_suffix,3.2717099170004076
2025-01-07 21:52:28.595033,/Users/max/Documents/Code/zarr-developers/zarr-byte-range-microbenchmarks/zarr-byterangerequest-microbenchmarks/time_get_typeddict.py,typeddict,get_suffix,3.269072916999903
2025-01-07 21:52:32.101464,/Users/max/Documents/Code/zarr-developers/zarr-byte-range-microbenchmarks/zarr-byterangerequest-microbenchmarks/time_get_dataclass.py,dataclass,get_suffix,3.247784375000265
2025-01-07 21:52:35.627231,/Users/max/Documents/Code/zarr-developers/zarr-byte-range-microbenchmarks/zarr-byterangerequest-microbenchmarks/time_get_typeddict.py,typeddict,get_suffix,3.2633994590005386
2025-01-07 21:52:39.250584,/Users/max/Documents/Code/zarr-developers/zarr-byte-range-microbenchmarks/zarr-byterangerequest-microbenchmarks/time_get_tuple.py,tuple,get_suffix,3.36279525000009
2025-01-07 21:52:42.824240,/Users/max/Documents/Code/zarr-developers/zarr-byte-range-microbenchmarks/zarr-byterangerequest-microbenchmarks/time_get_typeddict.py,typeddict,get_suffix,3.3139682499995615
2025-01-07 21:52:46.342508,/Users/max/Documents/Code/zarr-developers/zarr-byte-range-microbenchmarks/zarr-byterangerequest-microbenchmarks/time_get_dataclass.py,dataclass,get_suffix,3.2518529999997554
2025-01-07 21:52:49.839540,/Users/max/Documents/Code/zarr-developers/zarr-byte-range-microbenchmarks/zarr-byterangerequest-microbenchmarks/time_get_tuple.py,tuple,get_suffix,3.238110792000043
2025-01-07 21:52:53.341476,/Users/max/Documents/Code/zarr-developers/zarr-byte-range-microbenchmarks/zarr-byterangerequest-microbenchmarks/time_get_dataclass.py,dataclass,get_suffix,3.242179875000147
2025-01-07 21:52:56.839486,/Users/max/Documents/Code/zarr-developers/zarr-byte-range-microbenchmarks/zarr-byterangerequest-microbenchmarks/time_get_tuple.py,tuple,get_suffix,3.232725833000586
2025-01-07 21:53:00.348838,/Users/max/Documents/Code/zarr-developers/zarr-byte-range-microbenchmarks/zarr-byterangerequest-microbenchmarks/time_get_typeddict.py,typeddict,get_suffix,3.247438792000139
2025-01-07 21:53:03.914147,/Users/max/Documents/Code/zarr-developers/zarr-byte-range-microbenchmarks/zarr-byterangerequest-microbenchmarks/time_get_dataclass.py,dataclass,get_suffix,3.3041590410002755
2025-01-07 21:53:07.415291,/Users/max/Documents/Code/zarr-developers/zarr-byte-range-microbenchmarks/zarr-byterangerequest-microbenchmarks/time_get_typeddict.py,typeddict,get_suffix,3.239289166999697
2025-01-07 21:53:10.921830,/Users/max/Documents/Code/zarr-developers/zarr-byte-range-microbenchmarks/zarr-byterangerequest-microbenchmarks/time_get_tuple.py,tuple,get_suffix,3.247491375000209
2025-01-07 21:53:14.682145,/Users/max/Documents/Code/zarr-developers/zarr-byte-range-microbenchmarks/zarr-byterangerequest-microbenchmarks/time_get_tuple.py,tuple,get_offset,3.248609291000321
2025-01-07 21:53:18.182584,/Users/max/Documents/Code/zarr-developers/zarr-byte-range-microbenchmarks/zarr-byterangerequest-microbenchmarks/time_get_dataclass.py,dataclass,get_offset,3.2389223339996533
2025-01-07 21:53:21.724363,/Users/max/Documents/Code/zarr-developers/zarr-byte-range-microbenchmarks/zarr-byterangerequest-microbenchmarks/time_get_typeddict.py,typeddict,get_offset,3.2492631250006525
2025-01-07 21:53:25.240278,/Users/max/Documents/Code/zarr-developers/zarr-byte-range-microbenchmarks/zarr-byterangerequest-microbenchmarks/time_get_tuple.py,tuple,get_offset,3.2533115000005637
2025-01-07 21:53:28.738295,/Users/max/Documents/Code/zarr-developers/zarr-byte-range-microbenchmarks/zarr-byterangerequest-microbenchmarks/time_get_typeddict.py,typeddict,get_offset,3.236903957999857
2025-01-07 21:53:32.238974,/Users/max/Documents/Code/zarr-developers/zarr-byte-range-microbenchmarks/zarr-byterangerequest-microbenchmarks/time_get_dataclass.py,dataclass,get_offset,3.244923875000495
2025-01-07 21:53:36.252180,/Users/max/Documents/Code/zarr-developers/zarr-byte-range-microbenchmarks/zarr-byterangerequest-microbenchmarks/time_get_tuple.py,tuple,get_offset,3.737117541000771
2025-01-07 21:53:39.760518,/Users/max/Documents/Code/zarr-developers/zarr-byte-range-microbenchmarks/zarr-byterangerequest-microbenchmarks/time_get_typeddict.py,typeddict,get_offset,3.2434488340004464
2025-01-07 21:53:43.289176,/Users/max/Documents/Code/zarr-developers/zarr-byte-range-microbenchmarks/zarr-byterangerequest-microbenchmarks/time_get_dataclass.py,dataclass,get_offset,3.2670976670005984
2025-01-07 21:53:46.813732,/Users/max/Documents/Code/zarr-developers/zarr-byte-range-microbenchmarks/zarr-byterangerequest-microbenchmarks/time_get_typeddict.py,typeddict,get_offset,3.2665158750005503
2025-01-07 21:53:50.314309,/Users/max/Documents/Code/zarr-developers/zarr-byte-range-microbenchmarks/zarr-byterangerequest-microbenchmarks/time_get_dataclass.py,dataclass,get_offset,3.2393599170000016
2025-01-07 21:53:53.840397,/Users/max/Documents/Code/zarr-developers/zarr-byte-range-microbenchmarks/zarr-byterangerequest-microbenchmarks/time_get_tuple.py,tuple,get_offset,3.264811125000051
2025-01-07 21:53:57.356752,/Users/max/Documents/Code/zarr-developers/zarr-byte-range-microbenchmarks/zarr-byterangerequest-microbenchmarks/time_get_dataclass.py,dataclass,get_offset,3.257922709000013
2025-01-07 21:54:00.871871,/Users/max/Documents/Code/zarr-developers/zarr-byte-range-microbenchmarks/zarr-byterangerequest-microbenchmarks/time_get_typeddict.py,typeddict,get_offset,3.253937500000575
2025-01-07 21:54:04.380151,/Users/max/Documents/Code/zarr-developers/zarr-byte-range-microbenchmarks/zarr-byterangerequest-microbenchmarks/time_get_tuple.py,tuple,get_offset,3.249103500000274
2025-01-07 21:54:07.913387,/Users/max/Documents/Code/zarr-developers/zarr-byte-range-microbenchmarks/zarr-byterangerequest-microbenchmarks/time_get_tuple.py,tuple,get_offset,3.273302708999836
2025-01-07 21:54:11.408454,/Users/max/Documents/Code/zarr-developers/zarr-byte-range-microbenchmarks/zarr-byterangerequest-microbenchmarks/time_get_typeddict.py,typeddict,get_offset,3.235375749999548
2025-01-07 21:54:14.924020,/Users/max/Documents/Code/zarr-developers/zarr-byte-range-microbenchmarks/zarr-byterangerequest-microbenchmarks/time_get_dataclass.py,dataclass,get_offset,3.2573719169995456
2025-01-07 21:54:18.511421,/Users/max/Documents/Code/zarr-developers/zarr-byte-range-microbenchmarks/zarr-byterangerequest-microbenchmarks/time_get_tuple.py,tuple,get_offset,3.325412999999571
2025-01-07 21:54:22.016131,/Users/max/Documents/Code/zarr-developers/zarr-byte-range-microbenchmarks/zarr-byterangerequest-microbenchmarks/time_get_typeddict.py,typeddict,get_offset,3.240764250000211
2025-01-07 21:54:25.517919,/Users/max/Documents/Code/zarr-developers/zarr-byte-range-microbenchmarks/zarr-byterangerequest-microbenchmarks/time_get_dataclass.py,dataclass,get_offset,3.241709458000514
2025-01-07 21:54:29.041779,/Users/max/Documents/Code/zarr-developers/zarr-byte-range-microbenchmarks/zarr-byterangerequest-microbenchmarks/time_get_dataclass.py,dataclass,get_offset,3.2628680409998196
2025-01-07 21:54:32.604768,/Users/max/Documents/Code/zarr-developers/zarr-byte-range-microbenchmarks/zarr-byterangerequest-microbenchmarks/time_get_typeddict.py,typeddict,get_offset,3.300190124999972
2025-01-07 21:54:36.124050,/Users/max/Documents/Code/zarr-developers/zarr-byte-range-microbenchmarks/zarr-byterangerequest-microbenchmarks/time_get_tuple.py,tuple,get_offset,3.2546744999999646
2025-01-07 21:54:39.658758,/Users/max/Documents/Code/zarr-developers/zarr-byte-range-microbenchmarks/zarr-byterangerequest-microbenchmarks/time_get_dataclass.py,dataclass,get_offset,3.273171332999482
2025-01-07 21:54:43.175130,/Users/max/Documents/Code/zarr-developers/zarr-byte-range-microbenchmarks/zarr-byterangerequest-microbenchmarks/time_get_typeddict.py,typeddict,get_offset,3.255391084000621
2025-01-07 21:54:46.671404,/Users/max/Documents/Code/zarr-developers/zarr-byte-range-microbenchmarks/zarr-byterangerequest-microbenchmarks/time_get_tuple.py,tuple,get_offset,3.236733957999604
2025-01-07 21:54:50.178858,/Users/max/Documents/Code/zarr-developers/zarr-byte-range-microbenchmarks/zarr-byterangerequest-microbenchmarks/time_get_dataclass.py,dataclass,get_offset,3.247533208999812
2025-01-07 21:54:53.681998,/Users/max/Documents/Code/zarr-developers/zarr-byte-range-microbenchmarks/zarr-byterangerequest-microbenchmarks/time_get_tuple.py,tuple,get_offset,3.2412172920003286
2025-01-07 21:54:57.193969,/Users/max/Documents/Code/zarr-developers/zarr-byte-range-microbenchmarks/zarr-byterangerequest-microbenchmarks/time_get_typeddict.py,typeddict,get_offset,3.2506125410000095
2025-01-07 21:55:00.746733,/Users/max/Documents/Code/zarr-developers/zarr-byte-range-microbenchmarks/zarr-byterangerequest-microbenchmarks/time_get_tuple.py,tuple,get_offset,3.258806666000055
2025-01-07 21:55:04.367739,/Users/max/Documents/Code/zarr-developers/zarr-byte-range-microbenchmarks/zarr-byterangerequest-microbenchmarks/time_get_dataclass.py,dataclass,get_offset,3.3631873750000523
2025-01-07 21:55:08.173410,/Users/max/Documents/Code/zarr-developers/zarr-byte-range-microbenchmarks/zarr-byterangerequest-microbenchmarks/time_get_typeddict.py,typeddict,get_offset,3.527430540999376
2025-01-07 21:55:11.846092,/Users/max/Documents/Code/zarr-developers/zarr-byte-range-microbenchmarks/zarr-byterangerequest-microbenchmarks/time_get_dataclass.py,dataclass,get_offset,3.416680833999635
2025-01-07 21:55:15.371984,/Users/max/Documents/Code/zarr-developers/zarr-byte-range-microbenchmarks/zarr-byterangerequest-microbenchmarks/time_get_typeddict.py,typeddict,get_offset,3.263810000000376
2025-01-07 21:55:18.887861,/Users/max/Documents/Code/zarr-developers/zarr-byte-range-microbenchmarks/zarr-byterangerequest-microbenchmarks/time_get_tuple.py,tuple,get_offset,3.25304558300013
2025-01-07 21:55:22.405856,/Users/max/Documents/Code/zarr-developers/zarr-byte-range-microbenchmarks/zarr-byterangerequest-microbenchmarks/time_get_tuple.py,tuple,get_offset,3.2602739160001875
2025-01-07 21:55:25.920848,/Users/max/Documents/Code/zarr-developers/zarr-byte-range-microbenchmarks/zarr-byterangerequest-microbenchmarks/time_get_typeddict.py,typeddict,get_offset,3.2530574580005123
2025-01-07 21:55:29.442038,/Users/max/Documents/Code/zarr-developers/zarr-byte-range-microbenchmarks/zarr-byterangerequest-microbenchmarks/time_get_dataclass.py,dataclass,get_offset,3.256493791000139
2025-01-07 21:55:32.962457,/Users/max/Documents/Code/zarr-developers/zarr-byte-range-microbenchmarks/zarr-byterangerequest-microbenchmarks/time_get_tuple.py,tuple,get_offset,3.2632102090001354
2025-01-07 21:55:36.509077,/Users/max/Documents/Code/zarr-developers/zarr-byte-range-microbenchmarks/zarr-byterangerequest-microbenchmarks/time_get_typeddict.py,typeddict,get_offset,3.288876167000126
2025-01-07 21:55:40.040088,/Users/max/Documents/Code/zarr-developers/zarr-byte-range-microbenchmarks/zarr-byterangerequest-microbenchmarks/time_get_dataclass.py,dataclass,get_offset,3.2677135410003757
2025-01-07 21:55:43.561525,/Users/max/Documents/Code/zarr-developers/zarr-byte-range-microbenchmarks/zarr-byterangerequest-microbenchmarks/time_get_tuple.py,tuple,get_offset,3.262227707999955
2025-01-07 21:55:47.064466,/Users/max/Documents/Code/zarr-developers/zarr-byte-range-microbenchmarks/zarr-byterangerequest-microbenchmarks/time_get_typeddict.py,typeddict,get_offset,3.2465022500000487
2025-01-07 21:55:50.590884,/Users/max/Documents/Code/zarr-developers/zarr-byte-range-microbenchmarks/zarr-byterangerequest-microbenchmarks/time_get_dataclass.py,dataclass,get_offset,3.2622549169991544
2025-01-07 21:55:54.105510,/Users/max/Documents/Code/zarr-developers/zarr-byte-range-microbenchmarks/zarr-byterangerequest-microbenchmarks/time_get_typeddict.py,typeddict,get_offset,3.2583836250005334
2025-01-07 21:55:57.630665,/Users/max/Documents/Code/zarr-developers/zarr-byte-range-microbenchmarks/zarr-byterangerequest-microbenchmarks/time_get_dataclass.py,dataclass,get_offset,3.264241249999941
2025-01-07 21:56:01.140830,/Users/max/Documents/Code/zarr-developers/zarr-byte-range-microbenchmarks/zarr-byterangerequest-microbenchmarks/time_get_tuple.py,tuple,get_offset,3.248313624999355
2025-01-07 21:56:04.710212,/Users/max/Documents/Code/zarr-developers/zarr-byte-range-microbenchmarks/zarr-byterangerequest-microbenchmarks/time_get_dataclass.py,dataclass,get_offset,3.310640042000159
2025-01-07 21:56:08.227044,/Users/max/Documents/Code/zarr-developers/zarr-byte-range-microbenchmarks/zarr-byterangerequest-microbenchmarks/time_get_tuple.py,tuple,get_offset,3.259290916000282
2025-01-07 21:56:11.733545,/Users/max/Documents/Code/zarr-developers/zarr-byte-range-microbenchmarks/zarr-byterangerequest-microbenchmarks/time_get_typeddict.py,typeddict,get_offset,3.2448183339993193
2025-01-07 21:56:15.374460,/Users/max/Documents/Code/zarr-developers/zarr-byte-range-microbenchmarks/zarr-byterangerequest-microbenchmarks/time_get_typeddict.py,typeddict,get_offset,3.382314583000152
2025-01-07 21:56:18.925462,/Users/max/Documents/Code/zarr-developers/zarr-byte-range-microbenchmarks/zarr-byterangerequest-microbenchmarks/time_get_tuple.py,tuple,get_offset,3.2958065829998304
2025-01-07 21:56:22.438374,/Users/max/Documents/Code/zarr-developers/zarr-byte-range-microbenchmarks/zarr-byterangerequest-microbenchmarks/time_get_dataclass.py,dataclass,get_offset,3.255342791999283
2025-01-07 21:56:26.021603,/Users/max/Documents/Code/zarr-developers/zarr-byte-range-microbenchmarks/zarr-byterangerequest-microbenchmarks/time_get_typeddict.py,typeddict,get_offset,3.323968167000203
2025-01-07 21:56:29.574179,/Users/max/Documents/Code/zarr-developers/zarr-byte-range-microbenchmarks/zarr-byterangerequest-microbenchmarks/time_get_dataclass.py,dataclass,get_offset,3.296412292000241
2025-01-07 21:56:33.097662,/Users/max/Documents/Code/zarr-developers/zarr-byte-range-microbenchmarks/zarr-byterangerequest-microbenchmarks/time_get_tuple.py,tuple,get_offset,3.2639309579999463
2025-01-07 21:56:36.615701,/Users/max/Documents/Code/zarr-developers/zarr-byte-range-microbenchmarks/zarr-byterangerequest-microbenchmarks/time_get_dataclass.py,dataclass,get_offset,3.2656116660000407
2025-01-07 21:56:40.203371,/Users/max/Documents/Code/zarr-developers/zarr-byte-range-microbenchmarks/zarr-byterangerequest-microbenchmarks/time_get_typeddict.py,typeddict,get_offset,3.2658607920002396
2025-01-07 21:56:43.721133,/Users/max/Documents/Code/zarr-developers/zarr-byte-range-microbenchmarks/zarr-byterangerequest-microbenchmarks/time_get_tuple.py,tuple,get_offset,3.2574738749999597
2025-01-07 21:56:47.216325,/Users/max/Documents/Code/zarr-developers/zarr-byte-range-microbenchmarks/zarr-byterangerequest-microbenchmarks/time_get_tuple.py,tuple,get_offset,3.243384125000375
2025-01-07 21:56:50.716509,/Users/max/Documents/Code/zarr-developers/zarr-byte-range-microbenchmarks/zarr-byterangerequest-microbenchmarks/time_get_typeddict.py,typeddict,get_offset,3.238222291999591
2025-01-07 21:56:54.246477,/Users/max/Documents/Code/zarr-developers/zarr-byte-range-microbenchmarks/zarr-byterangerequest-microbenchmarks/time_get_dataclass.py,dataclass,get_offset,3.2668467920002513
2025-01-07 21:56:57.757295,/Users/max/Documents/Code/zarr-developers/zarr-byte-range-microbenchmarks/zarr-byterangerequest-microbenchmarks/time_get_typeddict.py,typeddict,get_offset,3.2560168330001034
2025-01-07 21:57:01.258064,/Users/max/Documents/Code/zarr-developers/zarr-byte-range-microbenchmarks/zarr-byterangerequest-microbenchmarks/time_get_tuple.py,tuple,get_offset,3.242362499999217
2025-01-07 21:57:04.759547,/Users/max/Documents/Code/zarr-developers/zarr-byte-range-microbenchmarks/zarr-byterangerequest-microbenchmarks/time_get_dataclass.py,dataclass,get_offset,3.241163874999984
2025-01-07 21:57:08.321159,/Users/max/Documents/Code/zarr-developers/zarr-byte-range-microbenchmarks/zarr-byterangerequest-microbenchmarks/time_get_tuple.py,tuple,get_offset,3.3055385410007148
2025-01-07 21:57:11.681027,/Users/max/Documents/Code/zarr-developers/zarr-byte-range-microbenchmarks/zarr-byterangerequest-microbenchmarks/time_get_dataclass.py,dataclass,get_offset,3.105074666999826
2025-01-07 21:57:15.184883,/Users/max/Documents/Code/zarr-developers/zarr-byte-range-microbenchmarks/zarr-byterangerequest-microbenchmarks/time_get_typeddict.py,typeddict,get_offset,3.248029917000167
2025-01-07 21:57:18.714453,/Users/max/Documents/Code/zarr-developers/zarr-byte-range-microbenchmarks/zarr-byterangerequest-microbenchmarks/time_get_typeddict.py,typeddict,get_offset,3.270475874999647
2025-01-07 21:57:22.216862,/Users/max/Documents/Code/zarr-developers/zarr-byte-range-microbenchmarks/zarr-byterangerequest-microbenchmarks/time_get_tuple.py,tuple,get_offset,3.2482422499997483
2025-01-07 21:57:25.750390,/Users/max/Documents/Code/zarr-developers/zarr-byte-range-microbenchmarks/zarr-byterangerequest-microbenchmarks/time_get_dataclass.py,dataclass,get_offset,3.273800584000128
2025-01-07 21:57:29.278145,/Users/max/Documents/Code/zarr-developers/zarr-byte-range-microbenchmarks/zarr-byterangerequest-microbenchmarks/time_get_dataclass.py,dataclass,get_offset,3.2705845830005273
2025-01-07 21:57:32.784568,/Users/max/Documents/Code/zarr-developers/zarr-byte-range-microbenchmarks/zarr-byterangerequest-microbenchmarks/time_get_tuple.py,tuple,get_offset,3.250699875000464
2025-01-07 21:57:36.345688,/Users/max/Documents/Code/zarr-developers/zarr-byte-range-microbenchmarks/zarr-byterangerequest-microbenchmarks/time_get_typeddict.py,typeddict,get_offset,3.260896667000452
2025-01-07 21:57:39.989620,/Users/max/Documents/Code/zarr-developers/zarr-byte-range-microbenchmarks/zarr-byterangerequest-microbenchmarks/time_get_tuple.py,tuple,get_offset,3.38653929100019
2025-01-07 21:57:43.501265,/Users/max/Documents/Code/zarr-developers/zarr-byte-range-microbenchmarks/zarr-byterangerequest-microbenchmarks/time_get_typeddict.py,typeddict,get_offset,3.2502550409999458
2025-01-07 21:57:47.016751,/Users/max/Documents/Code/zarr-developers/zarr-byte-range-microbenchmarks/zarr-byterangerequest-microbenchmarks/time_get_dataclass.py,dataclass,get_offset,3.2533915419999175
2025-01-07 21:57:50.537348,/Users/max/Documents/Code/zarr-developers/zarr-byte-range-microbenchmarks/zarr-byterangerequest-microbenchmarks/time_get_typeddict.py,typeddict,get_offset,3.2616556249995483
2025-01-07 21:57:54.044761,/Users/max/Documents/Code/zarr-developers/zarr-byte-range-microbenchmarks/zarr-byterangerequest-microbenchmarks/time_get_tuple.py,tuple,get_offset,3.2518559170002845
2025-01-07 21:57:57.600072,/Users/max/Documents/Code/zarr-developers/zarr-byte-range-microbenchmarks/zarr-byterangerequest-microbenchmarks/time_get_dataclass.py,dataclass,get_offset,3.299898249999387
2025-01-07 21:58:01.107081,/Users/max/Documents/Code/zarr-developers/zarr-byte-range-microbenchmarks/zarr-byterangerequest-microbenchmarks/time_get_typeddict.py,typeddict,get_offset,3.2436102080000637
2025-01-07 21:58:04.626283,/Users/max/Documents/Code/zarr-developers/zarr-byte-range-microbenchmarks/zarr-byterangerequest-microbenchmarks/time_get_tuple.py,tuple,get_offset,3.263448416999381
2025-01-07 21:58:08.149620,/Users/max/Documents/Code/zarr-developers/zarr-byte-range-microbenchmarks/zarr-byterangerequest-microbenchmarks/time_get_dataclass.py,dataclass,get_offset,3.2705401670000356
2025-01-07 21:58:11.650990,/Users/max/Documents/Code/zarr-developers/zarr-byte-range-microbenchmarks/zarr-byterangerequest-microbenchmarks/time_get_typeddict.py,typeddict,get_offset,3.24387999999999
2025-01-07 21:58:15.161459,/Users/max/Documents/Code/zarr-developers/zarr-byte-range-microbenchmarks/zarr-byterangerequest-microbenchmarks/time_get_dataclass.py,dataclass,get_offset,3.2551552909999373
2025-01-07 21:58:18.688204,/Users/max/Documents/Code/zarr-developers/zarr-byte-range-microbenchmarks/zarr-byterangerequest-microbenchmarks/time_get_tuple.py,tuple,get_offset,3.2709245420001025
2025-01-07 21:58:22.189544,/Users/max/Documents/Code/zarr-developers/zarr-byte-range-microbenchmarks/zarr-byterangerequest-microbenchmarks/time_get_typeddict.py,typeddict,get_offset,3.2466573330002575
2025-01-07 21:58:25.822622,/Users/max/Documents/Code/zarr-developers/zarr-byte-range-microbenchmarks/zarr-byterangerequest-microbenchmarks/time_get_dataclass.py,dataclass,get_offset,3.33666649999941
2025-01-07 21:58:29.335465,/Users/max/Documents/Code/zarr-developers/zarr-byte-range-microbenchmarks/zarr-byterangerequest-microbenchmarks/time_get_tuple.py,tuple,get_offset,3.256847000000562
2025-01-07 21:58:32.842486,/Users/max/Documents/Code/zarr-developers/zarr-byte-range-microbenchmarks/zarr-byterangerequest-microbenchmarks/time_get_dataclass.py,dataclass,get_offset,3.2522030419995644
2025-01-07 21:58:36.345995,/Users/max/Documents/Code/zarr-developers/zarr-byte-range-microbenchmarks/zarr-byterangerequest-microbenchmarks/time_get_typeddict.py,typeddict,get_offset,3.2457140000005893
2025-01-07 21:58:39.867054,/Users/max/Documents/Code/zarr-developers/zarr-byte-range-microbenchmarks/zarr-byterangerequest-microbenchmarks/time_get_tuple.py,tuple,get_offset,3.2656590830001733
2025-01-07 21:58:43.394715,/Users/max/Documents/Code/zarr-developers/zarr-byte-range-microbenchmarks/zarr-byterangerequest-microbenchmarks/time_get_dataclass.py,dataclass,get_offset,3.2722698340003262
2025-01-07 21:58:46.892071,/Users/max/Documents/Code/zarr-developers/zarr-byte-range-microbenchmarks/zarr-byterangerequest-microbenchmarks/time_get_typeddict.py,typeddict,get_offset,3.238186874999883
2025-01-07 21:58:50.469160,/Users/max/Documents/Code/zarr-developers/zarr-byte-range-microbenchmarks/zarr-byterangerequest-microbenchmarks/time_get_tuple.py,tuple,get_offset,3.3136840830002257
2025-01-07 21:58:53.994927,/Users/max/Documents/Code/zarr-developers/zarr-byte-range-microbenchmarks/zarr-byterangerequest-microbenchmarks/time_get_typeddict.py,typeddict,get_offset,3.263221500000327
2025-01-07 21:58:57.500643,/Users/max/Documents/Code/zarr-developers/zarr-byte-range-microbenchmarks/zarr-byterangerequest-microbenchmarks/time_get_dataclass.py,dataclass,get_offset,3.2521468329996424
2025-01-07 21:59:01.015532,/Users/max/Documents/Code/zarr-developers/zarr-byte-range-microbenchmarks/zarr-byterangerequest-microbenchmarks/time_get_tuple.py,tuple,get_offset,3.25937041600082
2025-01-07 21:59:04.522001,/Users/max/Documents/Code/zarr-developers/zarr-byte-range-microbenchmarks/zarr-byterangerequest-microbenchmarks/time_get_dataclass.py,dataclass,get_offset,3.250938832999964
2025-01-07 21:59:08.021710,/Users/max/Documents/Code/zarr-developers/zarr-byte-range-microbenchmarks/zarr-byterangerequest-microbenchmarks/time_get_tuple.py,tuple,get_offset,3.244025540999246
2025-01-07 21:59:11.531153,/Users/max/Documents/Code/zarr-developers/zarr-byte-range-microbenchmarks/zarr-byterangerequest-microbenchmarks/time_get_typeddict.py,typeddict,get_offset,3.2524467499997627
2025-01-07 21:59:15.083441,/Users/max/Documents/Code/zarr-developers/zarr-byte-range-microbenchmarks/zarr-byterangerequest-microbenchmarks/time_get_tuple.py,tuple,get_offset,3.2974197089997688
2025-01-07 21:59:18.605577,/Users/max/Documents/Code/zarr-developers/zarr-byte-range-microbenchmarks/zarr-byterangerequest-microbenchmarks/time_get_dataclass.py,dataclass,get_offset,3.2661681250001493
2025-01-07 21:59:22.199176,/Users/max/Documents/Code/zarr-developers/zarr-byte-range-microbenchmarks/zarr-byterangerequest-microbenchmarks/time_get_typeddict.py,typeddict,get_offset,3.338972583999748
2025-01-07 21:59:25.933628,/Users/max/Documents/Code/zarr-developers/zarr-byte-range-microbenchmarks/zarr-byterangerequest-microbenchmarks/time_get_dataclass.py,dataclass,get_offset,3.4771733750003477
2025-01-07 21:59:29.594115,/Users/max/Documents/Code/zarr-developers/zarr-byte-range-microbenchmarks/zarr-byterangerequest-microbenchmarks/time_get_tuple.py,tuple,get_offset,3.389578833000087
2025-01-07 21:59:33.137510,/Users/max/Documents/Code/zarr-developers/zarr-byte-range-microbenchmarks/zarr-byterangerequest-microbenchmarks/time_get_typeddict.py,typeddict,get_offset,3.280919417000405
2025-01-07 21:59:36.697326,/Users/max/Documents/Code/zarr-developers/zarr-byte-range-microbenchmarks/zarr-byterangerequest-microbenchmarks/time_get_dataclass.py,dataclass,get_offset,3.3024987079998027
2025-01-07 21:59:40.305208,/Users/max/Documents/Code/zarr-developers/zarr-byte-range-microbenchmarks/zarr-byterangerequest-microbenchmarks/time_get_typeddict.py,typeddict,get_offset,3.342072833000202
2025-01-07 21:59:43.813979,/Users/max/Documents/Code/zarr-developers/zarr-byte-range-microbenchmarks/zarr-byterangerequest-microbenchmarks/time_get_tuple.py,tuple,get_offset,3.2449769579998247
2025-01-07 21:59:47.349077,/Users/max/Documents/Code/zarr-developers/zarr-byte-range-microbenchmarks/zarr-byterangerequest-microbenchmarks/time_get_dataclass.py,dataclass,get_offset,3.274719332999666
2025-01-07 21:59:50.854241,/Users/max/Documents/Code/zarr-developers/zarr-byte-range-microbenchmarks/zarr-byterangerequest-microbenchmarks/time_get_typeddict.py,typeddict,get_offset,3.247161000000233
2025-01-07 21:59:54.384416,/Users/max/Documents/Code/zarr-developers/zarr-byte-range-microbenchmarks/zarr-byterangerequest-microbenchmarks/time_get_tuple.py,tuple,get_offset,3.2704899999998815
2025-01-07 21:59:58.033058,/Users/max/Documents/Code/zarr-developers/zarr-byte-range-microbenchmarks/zarr-byterangerequest-microbenchmarks/time_get_typeddict.py,typeddict,get_offset,3.3879736670005514
2025-01-07 22:00:01.583247,/Users/max/Documents/Code/zarr-developers/zarr-byte-range-microbenchmarks/zarr-byterangerequest-microbenchmarks/time_get_tuple.py,tuple,get_offset,3.2859048330001315
2025-01-07 22:00:05.106515,/Users/max/Documents/Code/zarr-developers/zarr-byte-range-microbenchmarks/zarr-byterangerequest-microbenchmarks/time_get_dataclass.py,dataclass,get_offset,3.263562083000579
2025-01-07 22:00:08.612213,/Users/max/Documents/Code/zarr-developers/zarr-byte-range-microbenchmarks/zarr-byterangerequest-microbenchmarks/time_get_dataclass.py,dataclass,get_offset,3.2480854169998565
2025-01-07 22:00:12.139824,/Users/max/Documents/Code/zarr-developers/zarr-byte-range-microbenchmarks/zarr-byterangerequest-microbenchmarks/time_get_typeddict.py,typeddict,get_offset,3.267669208999905
2025-01-07 22:00:15.675508,/Users/max/Documents/Code/zarr-developers/zarr-byte-range-microbenchmarks/zarr-byterangerequest-microbenchmarks/time_get_tuple.py,tuple,get_offset,3.276630416000444
2025-01-07 22:00:19.170295,/Users/max/Documents/Code/zarr-developers/zarr-byte-range-microbenchmarks/zarr-byterangerequest-microbenchmarks/time_get_tuple.py,tuple,get_offset,3.2357729999994262
2025-01-07 22:00:22.774103,/Users/max/Documents/Code/zarr-developers/zarr-byte-range-microbenchmarks/zarr-byterangerequest-microbenchmarks/time_get_typeddict.py,typeddict,get_offset,3.343108250000114
2025-01-07 22:00:26.294833,/Users/max/Documents/Code/zarr-developers/zarr-byte-range-microbenchmarks/zarr-byterangerequest-microbenchmarks/time_get_dataclass.py,dataclass,get_offset,3.260532499999499
2025-01-07 22:00:29.822344,/Users/max/Documents/Code/zarr-developers/zarr-byte-range-microbenchmarks/zarr-byterangerequest-microbenchmarks/time_get_dataclass.py,dataclass,get_offset,3.2678884999995716
2025-01-07 22:00:33.330475,/Users/max/Documents/Code/zarr-developers/zarr-byte-range-microbenchmarks/zarr-byterangerequest-microbenchmarks/time_get_tuple.py,tuple,get_offset,3.2508395840004596
2025-01-07 22:00:36.843036,/Users/max/Documents/Code/zarr-developers/zarr-byte-range-microbenchmarks/zarr-byterangerequest-microbenchmarks/time_get_typeddict.py,typeddict,get_offset,3.254202707999866
2025-01-07 22:00:40.381150,/Users/max/Documents/Code/zarr-developers/zarr-byte-range-microbenchmarks/zarr-byterangerequest-microbenchmarks/time_get_dataclass.py,dataclass,get_offset,3.2813124159993095
2025-01-07 22:00:43.892894,/Users/max/Documents/Code/zarr-developers/zarr-byte-range-microbenchmarks/zarr-byterangerequest-microbenchmarks/time_get_tuple.py,tuple,get_offset,3.25558245800039
2025-01-07 22:00:47.569804,/Users/max/Documents/Code/zarr-developers/zarr-byte-range-microbenchmarks/zarr-byterangerequest-microbenchmarks/time_get_typeddict.py,typeddict,get_offset,3.414890041000035
2025-01-07 22:00:51.096000,/Users/max/Documents/Code/zarr-developers/zarr-byte-range-microbenchmarks/zarr-byterangerequest-microbenchmarks/time_get_tuple.py,tuple,get_offset,3.2699522090006212
2025-01-07 22:00:54.743553,/Users/max/Documents/Code/zarr-developers/zarr-byte-range-microbenchmarks/zarr-byterangerequest-microbenchmarks/time_get_typeddict.py,typeddict,get_offset,3.39227504199971
2025-01-07 22:00:58.271350,/Users/max/Documents/Code/zarr-developers/zarr-byte-range-microbenchmarks/zarr-byterangerequest-microbenchmarks/time_get_dataclass.py,dataclass,get_offset,3.2678739590000987
2025-01-07 22:01:01.799537,/Users/max/Documents/Code/zarr-developers/zarr-byte-range-microbenchmarks/zarr-byterangerequest-microbenchmarks/time_get_typeddict.py,typeddict,get_offset,3.2706732500000726
2025-01-07 22:01:05.338418,/Users/max/Documents/Code/zarr-developers/zarr-byte-range-microbenchmarks/zarr-byterangerequest-microbenchmarks/time_get_tuple.py,tuple,get_offset,3.274597084000561
2025-01-07 22:01:08.834626,/Users/max/Documents/Code/zarr-developers/zarr-byte-range-microbenchmarks/zarr-byterangerequest-microbenchmarks/time_get_dataclass.py,dataclass,get_offset,3.2390135830000872
2025-01-07 22:01:12.398957,/Users/max/Documents/Code/zarr-developers/zarr-byte-range-microbenchmarks/zarr-byterangerequest-microbenchmarks/time_get_tuple.py,tuple,get_offset,3.3059902089999014
2025-01-07 22:01:15.969958,/Users/max/Documents/Code/zarr-developers/zarr-byte-range-microbenchmarks/zarr-byterangerequest-microbenchmarks/time_get_dataclass.py,dataclass,get_offset,3.3130007499994463
2025-01-07 22:01:19.508690,/Users/max/Documents/Code/zarr-developers/zarr-byte-range-microbenchmarks/zarr-byterangerequest-microbenchmarks/time_get_typeddict.py,typeddict,get_offset,3.2800612920000276
2025-01-07 22:01:23.066206,/Users/max/Documents/Code/zarr-developers/zarr-byte-range-microbenchmarks/zarr-byterangerequest-microbenchmarks/time_get_dataclass.py,dataclass,get_offset,3.2933441659997698
2025-01-07 22:01:26.604525,/Users/max/Documents/Code/zarr-developers/zarr-byte-range-microbenchmarks/zarr-byterangerequest-microbenchmarks/time_get_typeddict.py,typeddict,get_offset,3.2797655840004154
2025-01-07 22:01:30.119635,/Users/max/Documents/Code/zarr-developers/zarr-byte-range-microbenchmarks/zarr-byterangerequest-microbenchmarks/time_get_tuple.py,tuple,get_offset,3.2559425839999676
2025-01-07 22:01:33.632489,/Users/max/Documents/Code/zarr-developers/zarr-byte-range-microbenchmarks/zarr-byterangerequest-microbenchmarks/time_get_tuple.py,tuple,get_offset,3.255593083000349
2025-01-07 22:01:37.229620,/Users/max/Documents/Code/zarr-developers/zarr-byte-range-microbenchmarks/zarr-byterangerequest-microbenchmarks/time_get_dataclass.py,dataclass,get_offset,3.3411858340004983
2025-01-07 22:01:40.796552,/Users/max/Documents/Code/zarr-developers/zarr-byte-range-microbenchmarks/zarr-byterangerequest-microbenchmarks/time_get_typeddict.py,typeddict,get_offset,3.270927208000103
2025-01-07 22:01:44.327554,/Users/max/Documents/Code/zarr-developers/zarr-byte-range-microbenchmarks/zarr-byterangerequest-microbenchmarks/time_get_dataclass.py,dataclass,get_offset,3.274864042000445
2025-01-07 22:01:47.923019,/Users/max/Documents/Code/zarr-developers/zarr-byte-range-microbenchmarks/zarr-byterangerequest-microbenchmarks/time_get_typeddict.py,typeddict,get_offset,3.3373743339998327
2025-01-07 22:01:51.435906,/Users/max/Documents/Code/zarr-developers/zarr-byte-range-microbenchmarks/zarr-byterangerequest-microbenchmarks/time_get_tuple.py,tuple,get_offset,3.2540148750003937
2025-01-07 22:01:54.941836,/Users/max/Documents/Code/zarr-developers/zarr-byte-range-microbenchmarks/zarr-byterangerequest-microbenchmarks/time_get_tuple.py,tuple,get_offset,3.243164374999651
2025-01-07 22:01:58.453082,/Users/max/Documents/Code/zarr-developers/zarr-byte-range-microbenchmarks/zarr-byterangerequest-microbenchmarks/time_get_dataclass.py,dataclass,get_offset,3.2547519579993605
2025-01-07 22:02:01.980369,/Users/max/Documents/Code/zarr-developers/zarr-byte-range-microbenchmarks/zarr-byterangerequest-microbenchmarks/time_get_typeddict.py,typeddict,get_offset,3.269537792000847
